Na_H,-21.981945
H2NO_,0.023809
CH4O_,0.036386
C_H_5N_O2,0.94763
H_N_O,0.984016
H3NO_,1.031634
H3O_N,1.031634
C_H_2O,1.979265
N_O,1.991841
H2,2.01565
C_HNO_2S,2.99314
HON_,2.999666
H5O_N,3.047285
C_O,3.994915
H3N_O,5.015316
C4H6NO_2P_,5.086433
H_4N3O_2,5.988093
C_HN_S,6.976822
H5ON_,7.030966
C_2N_OP,8.965602
CH_NO_,9.000334
C2H3NO_2,9.03672
H_6O,9.947964
C_3H_2O3,9.969094
CH_2,9.98435
C_2H2O2,10.005479
C2H2O_,10.020735
H_3N,10.979599
CH_,10.992175
CHNO_,11.015984
C,12
H_3O,12.97144
H_N,12.995249
CH3O_N,13.031634
H_2O,13.979265
CH2,14.01565
H2N2O_,14.026883
H_SO_,14.969331
H_O,14.98709
HN,15.010899
CH3,15.023475
CH5NO_,15.047285
CH5O_N,15.047285
C_H_4O2,15.958529
O_S,15.977156
O,15.994915
HOPS_,16.00443
H2N,16.018724
CH4,16.0313
H4O_N2,16.042534
H_O2N_,16.97893
HO,17.00274
C3H_NO_2,17.00542
H3N,17.026549
CH5,17.039125
C_H_2O2,17.974179
H2O_S,17.992806
H2O,18.010565
H4N,18.034374
H6N2O_,18.058184
C_8H_9NOP2S,18.847157
HO2N_,18.99458
H3O,19.01839
H5N,19.042199
C_10H_2O5P2,19.906446
C2H_2,21.98435
CO_N2,24.011233
C3H4O_,24.036386
CH_N,24.995249
CH_2O,25.979265
C2H2,26.01565
CH2O_N2,26.026883
C2H2O2S_,26.033409
CHN,27.010899
C2H3,27.023475
C2H5O_N,27.047285
C2H5NO_,27.047285
C_4HN2OP,27.982649
CO,27.994915
N2,28.006148
C15H22O_7P_2,28.260225
H_ON,28.990164
C1H3N1,29.026549
C2H7O_1N1,29.062935
H_2S1,29.956421
H_2O2,29.974179
O1N1,29.997989
C1H2O1,30.010565
H_1S1,30.964246
H1O1N1,31.005814
C1H5N1,31.042199
O_2S2,31.954312
S1,31.972071
O2,31.989829
C1H4O_1S1,32.008456
C1H4O1,32.026215
C2H8,32.0626
H3O_1N1S1,33.003705
H2S,33.987721
H2O2,34.005479
C4H2O_1,34.020735
C3H1N1O_1,35.015984
C4H4N1P_1,35.060613
C_1H1O1P1,35.976501
C3,36
H4O2,36.021129
C5H2N5O_4P_1,37.0776
C3H5N1O_1,39.047285
C4H9N1O_2,39.08367
C_7H_2O4P2,39.911531
C2O1,39.994915
C3H4,40.0313
C4H8O_1,40.067686
C3H7N1O_1,41.062935
H_2S1C1,41.956421
C1H_2O2,41.974179
H2O1C2,42.010565
C2H2O1,42.010565
C1H2N2,42.021798
C3H6,42.04695
C1H_1O2,42.982004
C1H1O1N1,43.005814
N1H1C1O1,43.005814
C1H1N1O1,43.005814
C2H5N1,43.042199
C3H7,43.054775
C1O2,43.989829
C2H4O1,44.026215
C4H12O_1,44.098986
H_1N1O2,44.985078
C2H5O1,45.03404
C2H7N1,45.057849
H_2O3,45.969094
C1H2O2,46.005479
C1O2H2,46.005479
C2H6O1,46.041865
H1O2N1,47.000728
C1H5N1O_1S1,47.019355
O1S1,47.966985
O3,47.984744
C1H4S1,48.003371
C1H4O2,48.021129
H1O3,48.992569
C1H5O2,49.028954
H2O3,50.000394
C4H2,50.01565
C3H2N2O_1,50.026883
C4H5N1O_1,51.047285
C3H13N7O_6,51.153756
C_1H1O2P1,51.971416
C3H4N2O_1,52.042534
C5H8O_1,52.067686
C2H_1O_1N1S1,52.972405
C5H7N_1,53.051701
C_7H_4O5P2,53.890796
C_2H_2O1S2,53.923406
C3H2O1,54.010565
C3H3O1,55.01839
C7H5N1O_3,55.057455
C3H4O1,56.026215
C2H4N2,56.037448
C2H3N1O1,57.021464
C2H3O1N1,57.021464
C3H5O1,57.03404
C3H7N1,57.057849
H2C2O2,58.005479
C2H2O2,58.005479
C1H2N2O1,58.016713
C3H6O1,58.041865
C3H8N1,58.065674
C3H10N2O_1,58.089484
C2H5N1O_1S1,59.019355
C2H5N1O1,59.037114
C2H5O1N1,59.037114
C2H4O2,60.021129
C1O1H4N2,60.032363
C1H4N2O1,60.032363
C1H4O1N2,60.032363
C3H8O1,60.057515
C3H10N1,60.081324
C1H3N1S1,60.99862
C1H3N1O2,61.016378
C2H7O1N1,61.052764
C1H7N3,61.063997
C1H2O3,62.000394
C2H6S1,62.019021
C4H3O_1N2,63.034708
O2S1,63.9619
H1O2P1,63.971416
O4,63.979658
H1O4S_1P1,63.989174
C1H4O1S1,63.998285
C1H4O3,64.016044
C5H4,64.0313
C4H3N1,65.026549
H2O2S1,65.97755
H3O2P1,65.987066
H2O4,65.995309
C5H6,66.04695
H1C2N3,67.017047
C5H5N_1O1,67.030966
C4H5N1,67.042199
C3O2,67.989829
C4H4O1,68.026215
C5H8,68.0626
C4H6N1O2S_1,68.067783
C3H3N1O1,69.021464
C4H7N1,69.057849
C3H2O2,70.005479
C4H6O1,70.041865
C4H10O_1N2,70.089484
C4H10N2O_1,70.089484
C6H14O_1,70.114636
C2H1N1O2,71.000728
C3H3O2,71.013304
C3H5O1N1,71.037114
C3H5N1O1,71.037114
C4H9N1,71.073499
C5H13O_1N1,71.109885
C2O3,71.984744
C3H4O2,72.021129
C4H8O1,72.057515
C4H12N2O_1,72.105134
C2H3N1O2,73.016378
C3H7O1N1,73.052764
C2H2O3,74.000394
C3H6O2,74.036779
C8H10O_2,74.088421
C2H5N1O2,75.032028
C2H5O2N1,75.032028
C6H5N1O_1,75.047285
C1H_2N_1O5,75.955849
C2H4O3,76.016044
C6H4,76.0313
C5H3N1,77.026549
C1H7N3O1,77.058912
C5H4N1,78.034374
C5H8N3O_2,78.081993
H_1O3S1,78.94899
H_1S1O3,78.94899
O3P1,78.958505
C5H5N1,79.042199
O3S1,79.956815
H1O3P1,79.96633
C1H5O2P1,80.002716
C5H4O1,80.026215
C6H8,80.0626
S1H1O3,80.96464
H3O2N1S1,80.988449
C5H7N1,81.057849
C6H11O_1N1,81.094235
H2O3S1,81.972465
C4H2O2,82.005479
C5H6O1,82.041865
C6H9O2P_1,82.086493
H2N_1O4P1,82.965996
C5H9N1,83.073499
C4H4O2,84.021129
C4H4O4S_1,84.038888
C5H8O1,84.057515
C3H3N1O2,85.016378
C3H3O2N1,85.016378
C4H7N1O1,85.052764
C4H7O1N1,85.052764
C3H2O3,86.000394
C4H6O2,86.036779
C5H10O1,86.073165
C5H12N1,86.096974
C6H14,86.10955
C7H1N_1O1,86.999666
C3H5N1O2,87.032028
C3H5O2N1,87.032028
C4H9O1N1,87.068414
C3H4O3,88.016044
C7H4,88.0313
C3H6N1O2,88.039853
C3N1H6O2,88.039853
C4H8O2,88.05243
C3H3N_1O4,89.00006
C6H3N1,89.026549
C3H7N1O2,89.047678
C7H7O_1N1,89.062935
C3H6O3,90.031694
C2O2H6N2,90.042927
C7H6,90.04695
C6H5N1,91.042199
C2H4O4,92.010959
C6H4O1,92.026215
C7H8,92.0626
C5H3N1O1,93.021464
C5H3O1N1,93.021464
C4H3N3,93.032697
C6H7N1,93.057849
C5H7N3O_1,93.069083
C5H7O_1N3,93.069083
C5H2O2,94.005479
C4H2O1N2,94.016713
C5H5N1O1,95.037114
O4S1,95.951729
H1O4P1,95.961245
C5H4O2,96.021129
C4H4N2O1,96.032363
H_1N_1O3S2,96.917986
H3O3N1S1,96.983364
H4N1O3P1,96.99288
H4O3N1P1,96.99288
O3H4N1P1,96.99288
C4H3O2N1,97.016378
H3O4P1,97.976895
C4H2O3,98.000394
C5H6O2,98.036779
C6H10O1,98.073165
C4H5N1O2,99.032028
C4H5O2N1,99.032028
C8H5N1O_1,99.047285
C5H9N1O1,99.068414
C5H9O1N1,99.068414
C4H4O3,100.016044
C4H8O1N2,100.063663
C3H3O3N1,101.011293
C4H7N1O2,101.047678
C4H7O2N1,101.047678
C5H11O1N1,101.084064
C4H6O1S1,102.013936
C4H6O3,102.031694
C5H2O_1N4,102.033031
C5H10O2,102.06808
C6H14O1,102.104465
C6H1N1O1,103.005814
C3H5N1O1S1,103.009184
H5S1O1C3N1,103.009184
C8H9N1O_1,103.078585
C8H9O_1N1,103.078585
C6O2,103.989829
C3H4O4,104.010959
C7H4O1,104.026215
C6H4N2,104.037448
C8H8,104.0626
C6H3N1O1,105.021464
C3H7O1N1S1,105.024835
C6H5N2,105.045273
C4H11O2N1,105.078979
C6H4O1N1,106.029289
C7H6O1,106.041865
C2H5O2N1S1,107.004099
C2H6N1O2P1,107.013615
C6H5N1O1,107.037114
C7H9N1,107.073499
C1H1O4P1,107.961245
C6H4O2,108.021129
C7H8O1,108.057515
C8H12,108.0939
C5H3O2N1,109.016378
C2H7O2N1S1,109.019749
C6H7O1N1,109.052764
C6H6O2,110.036779
C5H6O1N2,110.048013
C7H10O1,110.073165
C13H16O2P_2S_1,110.195436
C1H1N_1O3S2,110.933636
C3H1N3O2,111.006876
C5H4O3,112.016044
C4H4N2O2,112.027277
C5H12O_1N4,112.111282
C5H12N4O_1,112.111282
C8H16,112.125201
H1S2O3,112.93671
C1H4N_1O5P1,112.976561
C5H7N1O2,113.047678
C6H11N1O1,113.084064
C4H2O4,113.995309
C5H6O3,114.031694
C4H6N2O2,114.042927
C6H10O2,114.06808
C5H10N2O1,114.079313
C5H10O1N2,114.079313
C4H5N1O3,115.026943
N1H5C4O3,115.026943
C4H5O3N1,115.026943
C5H7O3,115.039519
C8H5N1,115.042199
C5H9N1O2,115.063329
C4H4O4,116.010959
H4C4O4,116.010959
C3H4N2O3,116.022192
C5H8O1S1,116.029586
C5H8O3,116.047344
C8H8O_1N2,116.073834
C5H12O1N2,116.094963
C4H7N1O1S1,117.024835
C4H7O3N1,117.042593
C5H3N5O_1,117.043931
C5H3O_1N5,117.043931
C8H7N1,117.057849
C3H2O5,117.990223
C4H6O4,118.026609
C5H2N4,118.027946
C8H6O1,118.041865
C9H10,118.07825
C3H5N1O2S1,119.004099
C7H5O1N1,119.037114
C7H5N1O1,119.037114
C6H5N3,119.048347
C5H5N5O_1,119.059581
C7H4O2,120.021129
C6H4N2O1,120.032363
C3H8O1N2S1,120.035734
C8H8O1,120.057515
C6H3N1O2,121.016378
C3H7N1O2S1,121.019749
C8H11N1,121.089149
C2H2O4S1,121.967379
C7H6O2,122.036779
C6H8N3,122.071822
C8H10O1,122.073165
C5H1N1O3,122.995643
C2H6N1O3P1,123.00853
C6H7N2O1,123.055838
C8H13N1,123.104799
H1C1O5P1,123.95616
C2H4O2S2,123.965271
C2H5O4P1,123.992545
C6H6N1O2,124.039853
C2H3N_1O3S2,124.949286
C4H3N3O2,125.022526
C6H6O3,126.031694
C6H8N1S1,126.037745
C5H6N2O2,126.042927
C6H10N2O1,126.079313
C5H10N4,126.090546
C8H14O1,126.104465
C5H5O3N1,127.026943
C6H9O2N1,127.063329
C7H17N3O_1,127.147333
C7H17O_1N3,127.147333
C5H4O4,128.010959
C6H8O3,128.047344
C6H12N2O1,128.094963
C6H12O1N2,128.094963
C5H7N1O3,129.042593
N1H7C5O3,129.042593
C5H7O3N1,129.042593
C6H11N1O2,129.078979
C6H11O2N1,129.078979
C7H19N3O_1,129.162983
C2H_6O7,129.917452
C5H6O4,130.026609
H6C5O4,130.026609
C9H6O1,130.041865
C6H10O3,130.062994
C10H10,130.07825
C6H14O1N2,130.110613
C7H16N1O1,130.123189
C8H5O1N1,131.037114
C5H9N1O1S1,131.040485
C5H9O1N1S1,131.040485
C5H9O3N1,131.058243
C5H9N1O3,131.058243
C6H5O_1N5,131.059581
C4H4O5,132.005873
C8H4O2,132.021129
C5H8O4,132.042259
C9H8O1,132.057515
C8H8N2,132.068748
C10H12,132.0939
C7H3N1O2,133.016378
C4H7N1O2S1,133.019749
C5H3N5,133.038845
C5H9O4,133.050084
C8H7N1O1,133.052764
H7O6P1,133.998024
C5H2O1N4,134.022861
C8H6O2,134.036779
C4H10O1N2S1,134.051384
C5H10O4,134.057909
C8H8N1O1,134.060589
C7H5N1O2,135.032028
C4H9N1O2S1,135.035399
C8H9O1N1,135.068414
C8H9N1O1,135.068414
C2O7,135.964402
C4H9O3P1,136.028931
C4H8O5,136.037173
C5H4O1N4,136.038511
C8H8O2,136.05243
C9H12O1,136.088815
C10H16,136.125201
C3H8N1O3P1,137.02418
C7H7O2N1,137.047678
C7H7N1O2,137.047678
C6H7N3O1,137.058912
C7H6O3,138.031694
C6H6N2O2,138.042927
C9H14O1,138.104465
C2H4O3S2,139.960185
C6H4O4,140.010959
C8H14N1O1,140.107539
C2H8O4N1P1,141.019094
C8H15N1O1,141.115364
C8H19N3O_1,141.162983
O5P2,141.922096
C1H3O6P1,141.966724
C2H6O3S2,141.975835
C10H6O1,142.041865
C7H10O3,142.062994
C6H10N2O2,142.074228
C11H10,142.07825
C10H10N2O_1,142.089484
C10H10O_1N2,142.089484
C6H9N1O3,143.058243
C10H9N1,143.073499
C7H13N1O2,143.094629
C3H1N2O3P1,143.972478
C6H8O4,144.042259
C5H8N2O3,144.053492
C10H8O1,144.057515
C7H12O1S1,144.060886
C7H12O3,144.078644
C5H7N1O4,145.037508
C9H6O2,146.036779
C6H10O4,146.057909
C10H10O1,146.073165
C7H1N1O3,146.995643
C8H5N1O2,147.032028
C9H9O1N1,147.068414
C9H9N1O1,147.068414
C8H4O3,148.016044
C5O5H8,148.037173
C9H8O2,148.05243
C6H12O4,148.073559
C10H12O1,148.088815
C6H5O1N4,149.046336
C8H7N1O2,149.047678
C9H11N1O1,149.084064
C5H2N4S1,150.000017
C8H6O3,150.031694
C5H10O5,150.052823
C6H6O1N4,150.054161
C9H10O2,150.06808
C5H13N1O2P1,150.06839
C10H14O1,150.104465
C3H6N1O4P1,151.003444
C7H5N1O3,151.026943
C7H9N3O1,151.074562
C3H5O5P1,151.98746
C4H9O2P1S1,152.006087
C3H8O1N2S2,152.007804
C7H4O4,152.010959
C8H8O3,152.047344
C6H8N4O1,152.069811
C10H16O1,152.120115
C3H6O5S1,153.993594
C3H7O5P1,154.00311
C11H6O1,154.041865
C10H18O1,154.135765
C8H13O2N1,155.094629
C7H8O4,156.042259
C6H12N4O1,156.101111
C6H7O4N1,157.037508
C6H7N1O4,157.037508
C10H7O1N1,157.052764
C10H7N1O1,157.052764
C7H11O3N1,157.073893
C6H11O2N3,157.085127
C6H11N3O2,157.085127
C8H15N1O2,157.110279
C8H15O2N1,157.110279
O6P2,157.917011
C6H6O5,158.021523
C10H6O2,158.036779
C7H10O4,158.057909
C10H10N2,158.084398
C6H14O1N4,158.116761
H3N1O5P2,158.948645
C6H9N1O4,159.053158
H2O6P2,159.932661
C5H8N2O2S1,160.030648
C6H8O5,160.037173
C7H12O4,160.073559
N3O2C6H14,160.108602
C13H20O_1,160.161586
H1O7P2N_1,160.916676
C6H11O4N1,161.068808
C6H11N1O4,161.068808
H4O6P2,161.948311
C9H6O3,162.031694
C6H10O3S1,162.035065
C6H10O5,162.052823
C10H10O2,162.06808
C5H10O3N1P1,163.03983
C6H11O5,163.060648
C9H9N1O2,163.063329
C10H13N1O1,163.099714
C5H12N2S2,164.04419
C6H12O5,164.068473
C7H8O1N4,164.069811
C10H12O2,164.08373
C12H20,164.156501
C3H8N3O3P1,165.030328
C5H12N1O3P1,165.05548
C9H11N1O2,165.078979
C8H10N2S1,166.056469
C9H10O3,166.062994
C5H13O3N1P1,166.063305
C5H13N1O3P1,166.063305
C10H14O2,166.09938
C9H13N1O2,167.094629
C9H13O2N1,167.094629
C6H3N1O3S1,168.983364
C4H10O5P1,169.026585
C1O6P2,169.917011
C3H7O6P1,169.998024
C10H8N2O1,172.063663
C7H12N2O3,172.084792
C7H12O3N2,172.084792
C9H16O3,172.109944
C8H15N1O3,173.105193
C8H15O3N1,173.105193
C6H6O6,174.016438
C7H10O5,174.052823
C8H14O4,174.089209
C6H14O2N4,174.111676
C9H5N1O3,175.026943
C9H5O3N1,175.026943
C7H13N1O4,175.084458
H2O7P2,175.927575
C4O8,175.959317
C6H8O6,176.032088
C10H8O3,176.047344
C7H12O5,176.068473
C9H7N1O3,177.042593
C7H7N5O1,177.06506
H4O7P2,177.943226
C6H10O6,178.047738
C9H9N1O3,179.058243
C6H12O6,180.063388
C10H12O3,180.078644
C10H15O2N1,181.110279
C8H10O1N2S1,182.051384
C13H10O1,182.073165
C10H14O3,182.094294
C12H22O1,182.167065
C7H9O3N3,183.064391
C8H13N3O2,183.100777
C7H4O4S1,183.983029
C7H4O6,184.000788
C4H9O6P1,184.013675
C8H12N2O3,184.084792
C10H24N4O_1,184.205182
C10H11O_1N5,185.106531
C11H6O3,186.031694
C8H14N2O3,186.100442
C8H14O3N2,186.100442
C8H13N1O4,187.084458
C7H13N3O3,187.095691
C8H12O1S2,188.032956
C11H8O3,188.047344
C12H12O2,188.08373
C10H7N1O3,189.042593
C10H10O2N2,190.074228
C14H22,190.172151
C10H8O4,192.042259
C7H12O6,192.063388
C11H12O3,192.078644
C12H16O2,192.11503
C7H3N3O4,193.012356
C9H7N1O4,193.037508
C9H11O2N3,193.085127
C5H7O4P1S1,193.980266
C9H6O5,194.021523
C9H8N1O4,194.045333
C11H18N2O1,194.141913
C15H30O_1,194.239836
C9H9N1O4,195.053158
C7H9O2N5,195.075625
C9H13O2N3,195.100777
C6H12O7,196.058303
C8H10N2O2S1,198.046298
C8H13N3O3,199.095691
C3H6O6P2,199.963961
C4H9O7P1,200.008589
C12H8O3,200.047344
C12H24O2,200.17763
C9H15N1O4,201.100108
C10H11N5,201.101445
C8H14N2O2S1,202.077598
C8H14N2O4,202.095357
C10H18O4,202.120509
C11H9N1O3,203.058243
C8H13N1O5,203.079373
C8H13O5N1,203.079373
C10H13N5,203.117095
C10H4O5,204.005873
C11H8O4,204.042259
C15H24,204.187801
C10H11N3S1,205.067368
C9H11O1N5,205.09636
C1H4O8P2,205.93814
C6H6O8,206.006267
C11H10O4,206.057909
C10H10O3N2,206.069142
C8H14O6,206.079038
C14H8O2,208.05243
C6H11O6P1,210.029325
C14H26O1,210.198365
C5H10N1O6P1,211.024574
C5H9O7P1,212.008589
C12H20O3,212.141245
C5H10O7P1,213.016414
C13H10O3,214.062994
C12H10N2O2,214.074228
C12H8S2,216.006742
C8H11N1O6,217.058637
C6H3I1O1,217.922863
C6H7N2O5P1,218.009258
C12H10O4,218.057909
C15H22O1,218.167065
C12H11O4,219.065734
C8H12O7,220.058303
C13H16O3,220.109944
C14H20O2,220.14633
C16H28,220.219101
C8H15O6N1,221.089937
C15H26O1,222.198365
C17H34O_1,222.271136
C12H17O3N1,223.120843
C3H2N2O6P2,223.938809
C12H8N4O1,224.069811
C12H16O4,224.104859
C15H28O1,224.214016
C6H10O7S1,226.014723
C10H14N2O2S1,226.077598
C14H26O2,226.19328
C18H26O_1,226.208536
C10H16N2O4,228.111007
C19H32O_2,228.260572
C5H11O8P1,230.019154
C8H10N2O6,230.053886
C9H14N2O5,230.090272
C8H12N2O4S1,232.051778
C19H36O_2,232.291872
C15H22O2,234.16198
C19H38O_2,234.307522
C6H10O5P1N3,235.035807
C8H12O8,236.053217
C19H26O_1,238.208536
C16H30O1,238.229666
C6H10N1O7P1,239.019488
H3O9P3,239.898991
C11H12O6,240.063388
C18H24,240.187801
C16H32O1,240.245316
C6H12O7N1P1,241.035138
C6H11O8P1,242.019154
C11H18N2O4,242.126657
C18H26,242.203451
C12H20O5,244.131074
C10H15O6N1,245.089937
C9H14N2O4S1,246.067428
C15H18O3,246.125594
C8H12N2O5S1,248.046692
C16H24O2,248.17763
C7H8N1O5P1S1,248.98608
C7H12O5N3P1,249.051457
C9H15N1O5S1,249.067093
C10H11N5O3,249.086189
C10H12N5O3,250.094014
C15H8O4,252.042259
C17H16O2,252.11503
C15H24O3,252.172545
C20H28O_1,252.224186
C13H6N2O4,254.032757
C10H10O4N2S1,254.036128
C18H22O1,254.167065
C16H17O2N1,255.125929
C18H24O1,256.182715
C7H8N5O4P1,257.03139
H5O10P3,257.909556
C10H14N2O6,258.085186
C13H14O2N4,258.111676
C13H16N4O2,260.127326
C16H20O3,260.141245
C18H28O1,260.214016
C9H15N2O5P1,262.071858
C18H30O1,262.229666
C11H8N2O4S1,264.020477
C10H16O8,264.084517
C18H32O1,264.245316
C_8H_6N7O9P3S1,264.822155
C18H34O1,266.260966
C_10H_12N7O11P3S1,266.765034
C16H13N1O3,267.089543
C17H17O2N1,267.125929
C10H8O3N2S2,267.997634
C7H13O7N2P1,268.046037
C20H12O1,268.088815
C20H28,268.219101
C17H19O2N1,269.141579
C19H10O2,270.06808
C19H26O1,270.198365
C19H28O1,272.214016
C20H32,272.250401
C14H10O2S2,274.012221
C11H17N1O7,275.100502
C14H15O5N1,277.095023
C5H12O9P2,277.995655
C14H14O6,278.079038
C20H38,278.297351
C11H13N5O2S1,279.078995
C_9H_10N7O11P3S1,280.780684
C9H16N1O7P1,281.066438
C18H19O2N1,281.141579
C_8H_4N7O10P3S1,282.832719
C8H14O8P1N1,283.045703
C8H14N1O8P1,283.045703
C17H17N1O3,283.120843
C2H7O10P3,283.925206
C15H8O6,284.032088
C16H12O5,284.068473
C20H28O1,284.214016
C_10H_10N7O12P3S1,284.775598
C11H14N2O7,286.080101
C20H30O1,286.229666
C21H34,286.266051
C17H21O3N1,287.152144
C18H8O4,288.042259
C20H32O1,288.245316
C10H15N3O5S1,289.073241
C10H15O5N3S1,289.073241
C20H34O1,290.260966
C11H17N1O8,291.095417
C5H10O10P2,291.97492
C6H12O9S2,291.992273
C12H20O8,292.115818
C20H36O1,292.276616
C5H_6O15,293.876769
C11H18O9,294.095082
C19H22O1N2,294.173213
C20H38O1,294.292266
C_8H_8N7O11P3S1,294.796334
C14H12N6O2,296.102174
C11H15N5O3S1,297.08956
C18H19N1O3,297.136493
C_9H_8N7O12P3S1,298.791248
C19H25N1O2,299.188529
C17H18O5,302.115424
C9H11N3O7P1,304.033461
C10H13O7P1N2,304.046037
C15H12O7,304.058303
C10H16N4O5S1,304.08414
C9H12N3O7P1,305.041286
C9H12O7P1N3,305.041286
C9H12O7N3P1,305.041286
C10H15O6N3S1,305.068156
C10H15N3O6S1,305.068156
C11H20O5N3P1,305.114057
C12H23O6N3,305.158685
C9H11N2O8P1,306.025302
C18H10O5,306.052823
C10H17N3O6S1,307.083806
C10H17O6N3S1,307.083806
C18H12O5,308.068473
C10H17O7P1N2,308.077337
C10H17N2O7P1,308.077337
C15H16O7,308.089603
C12H20O9,308.110732
C20H24O1N2,308.188863
C19H20N1O3,310.144319
C22H30O1,310.229666
C19H21O3N1,311.152144
C8H13N2O9P1,312.035867
C22H32O1,312.245316
C_8H_6N7O12P3S1,312.806899
C16H10O7,314.042653
C22H34O1,314.260966
C12H12O10,316.043047
C11H14N2O7P1,317.053862
C11H13N1O8P1,318.037878
C20H18O2N2,318.136828
C20H30O3,318.219495
C21H34O2,318.25588
C22H38O1,318.292266
C9H13O7N4P1,320.052185
C22H40O1,320.307916
C6H11O10N1S2,320.982437
C9H12N3O8P1,321.036201
C22H42O1,322.323566
C9H14N3O8P1,323.051851
C12H21O9N1,323.121631
C12H21N1O9,323.121631
C20H21N1O3,323.152144
C18H12O6,324.063388
C15H16O8,324.084517
C12H22O6P2,324.089161
C12H20O10,324.105647
C17H12O7,328.058303
C10H13N6O5P1,328.068504
H12O6C10N5P1,329.05252
C10H12O6N5P1,329.05252
C10H12N5O6P1,329.05252
C10H12O6P1N5,329.05252
C10H11N4O7P1,330.036535
C10H11O7N4P1,330.036535
C10H13N5O6P1,330.060345
C21H20O2N2,332.152478
C11H14N2O6S2,334.029328
C9H14O7N5P1,335.063084
C21H24N2O2,336.183778
C9H15N4O4P2S1,337.028924
C9H15O8N4P1,338.06275
C9H14N3O9P1,339.046766
C15H17N1O8,339.095417
C18H12O7,340.058303
C11H21N2O6P1S1,340.085794
C25H40,340.313001
C11H20O7S1N1P1,341.069809
C18H14O7,342.073953
C6H2I2O1,343.819511
C27H36O_1,344.286787
C10H12O7P1N5,345.047434
C10H12N5O7P1,345.047434
H12O7C10N5P1,345.047434
C6H4I2O1,345.835161
C12H10O12,346.017226
C10H11N4O8P1,346.03145
C10H14O7N5P1,347.063084
C10H14N5O7P1,347.063084
C12H17N3O7S1,347.078721
C16H28O8,348.178418
C24H44O1,348.339216
C3H13O11P3S1,349.939141
C21H22O3N2,350.163043
C25H34O1,350.260966
C24H46O1,350.354866
C12H16O12,352.064176
C21H23O4N1,353.162708
C18H14N2O6,354.085186
C14H17O6N3S1,355.083806
C18H30O7,358.199153
C14H20N2O9,360.11688
C24H40O2,360.302831
C14H23O10N1,365.132196
C27H44,368.344301
C17H22O9,370.126382
C5H11O13P3,371.94125
C11H12N5O8P1,373.042349
C22H18O4N2,374.126657
C22H18N2O4,374.126657
C24H38O3,374.282095
C11H19O5N4P2S1,381.055138
C27H44O1,384.339216
C9H12N2O11P2,385.991632
C24H38O4,390.27701
C27H40O2,396.302831
C30H40,400.313001
C10H16O11N2P2,402.022932
C30H48,408.375602
C10H13N5O9P2,409.01885
C10H14N5O9P3S_1,409.028366
C18H24O11,416.131862
C24H32O6,416.219889
C17H32N6O4S1,416.220574
C27H44O3,416.329045
C11H22N2O9P2S1,420.052124
C23H35N1O4S1,421.228679
C10H13O10N5P2,425.013765
C10H13N5O10P2,425.013765
C12H19O7N4P2S1,425.044968
C19H19O5N7,425.144767
C19H21O5N7,427.160417
C19H21N7O5,427.160417
C18H34N6O4S1,430.236224
C27H44O4,432.32396
C3H2N7O11P3S1,436.874584
C17H19N4O8P1,438.09405
C27H18O6,438.110338
C46H77N_2O_8P_1,442.663301
C35H46O_1,450.365037
C7H12O12N5P3,450.96953
C30H44O3,452.329045
C22H27O4N7,453.212452
C18H30O13,454.168641
C20H21N7O6,455.155331
C25H32N2O6,456.226037
C1N7O14P3S1,458.843678
C9H13N2O14P3,465.957963
C18H30O14,470.163556
C2H2N7O14P3S1,472.859328
C20H39N7O4S1,473.278423
C35H56,476.438202
C32H60O2,476.459331
C9H14N5O12P3,476.98518
C25H38N2O5S1,478.250143
C4H2N7O13P3S1,480.864413
C17H28N2O12S1,484.136295
C17H28O12N2S1,484.136295
C17H30O12N2S1,486.151945
C18H30O15,486.15847
C28H30O4N4,486.226705
C10H14N5O12P3,488.98518
C5H4N7O13P3S1,494.880063
C9H16O13N5P3,494.995745
C19H20N3O11P1,497.083545
C4H6N7O14P3S1,500.890628
C10H14N5O13P3,504.980095
C10H13N4O14P3,505.964111
C5H8N7O14P3S1,514.906278
C23H21O11N3,515.117609
C21H25N1O14,515.127505
C15H17N5O10P2S1,521.017136
C46H78N_2O_5,522.629631
C27H27O10N1,525.163496
C18H28O18,532.127564
C29H31O9N1,537.199882
C15H21N5O13P2,541.061109
C15H22N5O13P2,542.068934
C40H64,544.500802
C28H51N1O9,545.356382
C29H31O10N1,553.194796
C21H41N5O12,555.275172
C7H10N7O15P3S1,556.916843
C34H32O4N4,560.242356
C27H20N2O12,564.101624
S2O9C20H32N6,564.167218
C44H72O_2,568.573573
C10H15N5O15P4,568.951511
C8H12N7O15P3S1,570.932493
C14H24N7O10P3S1,575.05182
C14H26N7O11P3S1,593.062385
C23H43O13N5,597.285736
C16H28N7O10P3S1,603.08312
C14H21N6O13P3S1,606.010015
C45H72,612.563402
C34H63N1O8,613.455368
C12H26N7O14P3S1,617.047129
C12H26O14N7P3S1,617.047129
C17H30N7O10P3S1,617.09877
C16H27N6O12P3S1,620.062051
C27H24O17,620.101349
C16H26N5O13P3S1,621.046066
C15H23N5O16P3,622.035264
C13H21N6O15P3S1,625.999844
C24H27N4O14P1,626.126138
C30H32N2O13,628.190439
C16H26N7O12P3S1,633.0573
C28H39O13S_2N6P1,634.287131
C15H30N7O13P3S1,641.083514
C21H26N7O13P2,646.106382
C13H28N7O15P3S1,647.057693
C17H28N7O12P3S1,647.07295
C24H40O20,648.211294
C10H16N5O18P5,648.917841
C14H22N7O15P3S1,653.010743
C15H30N7O14P3S1,657.078429
C15H32N7O14P3S1,659.094079
C20H29N3O18P2,661.092134
C15H24N7O15P3S1,667.026393
C21H33N7O12P2S1,669.138313
C19H32N7O12P3S1,675.10425
C50H80,680.626003
C14H20N7O17P3S1,682.984922
C28H38N5O13P1,683.220373
C16H30N7O15P3S1,685.073344
C39H60O10,688.418648
C19H31N6O14P3S1,692.08318
C34H64N1O11P1,693.421698
C43H71O5P1,698.503912
C39H60O11,704.413563
C19H29N6O15P3S1,706.062445
C19H32N7O14P3S1,707.094079
C43H87O5P1,714.629112
C20H34N7O14P3S1,721.109729
C20H34O14N7P3S1,721.109729
C19H29N6O16P3S1,722.057359
C34H42O14N4,730.269752
C23H34N4O19P2,732.129248
C21H36N7O14P3S1,735.125379
C39H42O11N4,742.285008
C21H34N7O15S1P3,749.104644
C21H34O15N7P3S1,749.104644
C21H34N7O15P3S1,749.104644
C21H34O15S1N7P3,749.104644
C21H35N7O15P3S1,750.112469
C29H34N5O17P1,755.168731
C30H43N6O15P1,758.252401
C30H43O15N6P1,758.252401
C21H32N7O16P3S1,763.083908
C21H34N7O16S1P3,765.099558
C21H34N7O16P3S1,765.099558
C21H34O16S1N7P3,765.099558
C21H34O16N7P3S1,765.099558
C21H36N7O16P3S1,767.115208
C29H49O17N3P2,773.25372
C22H38N7O16P3S1,781.130858
C22H35N8O16P3S1,792.110457
C23H37N7O16P3S1,792.123033
H39C24O16N7P3S1,806.138683
C23H38O17N7P3S1,809.125773
C30H50O25,810.264117
C24H40O17N7P3S1,823.141423
C31H52N7O17P1,825.31573
H41C26O16N7P3S1,832.154334
C25H41O16N8P3S1,834.157408
C27H40O17N7P3S1,859.141423
C28H41N5O22P2,861.171841
C43H50O15N4,862.327267
C45H72O16,868.482036
C32H52N7O19P1,869.305559
C41H60N12O10,880.455536
H49C31O16N7P3S1,900.216934
C30H48O18N7P3S1,919.198938
C60H98O6N1P1,959.713176
C36H60O30,972.316941
C34H53N7O23P2,989.266804
C35H53N7O25P2,1033.256633
C51H80O22,1044.514124
C37H58N8O24P2,1060.303918
C38H58N8O26P2,1104.293747
C60H64O28,1232.358411
