LowBinIndex,UpperBinIndex,PairCount,DistanceMean,DistanceStdDev,Type,Formula,FormulaDistance,ChainCount,ChainMean,ChainStdDev
144232,144329,3064,8.02432331,0.00163057,MDM,1 / 2 * H4O_N2,8.02126676,0,0,0.00000000
323167,323209,2480,17.97413740,0.00028669,DM,C_H_2O2,17.97417918,0,0,0.00000000
432175,432226,2316,24.03643648,0.00033375,DM,C3H4O_,24.03638551,0,0,0.00000000
72098,72196,2305,4.01234168,0.00153714,MDM,1 / 4 * H4O_N2,4.01063338,0,0,0.00000000
863440,863478,2251,48.02107411,0.00027186,DM,C1H4O2,48.02112937,0,0,0.00000000
611426,611472,2238,34.00543658,0.00031007,DM,H2O2,34.00547931,0,0,0.00000000
826543,826593,2212,45.96908350,0.00032868,DM,H_2O3,45.96909380,0,0,0.00000000
233631,233689,2160,12.99499594,0.00061206,DM,H_N,12.99524897,0,0,0.00000000
485645,485705,2139,27.01064419,0.00062554,DM,CHN,27.01089904,0,0,0.00000000
431182,431277,2131,23.98275614,0.00156292,MDM,1 / 2 * O1S1,23.98349266,0,0,0.00000000
773248,773302,2092,43.00555946,0.00056275,DM,C1H1N1O1,43.00581366,0,0,0.00000000
17669,17726,2088,0.98426338,0.00061413,DM,H_N_O,0.98401558,0,0,0.00000000
269875,269926,2083,15.01064002,0.00056527,DM,HN,15.01089904,0,0,0.00000000
862774,862842,2082,47.98466982,0.00047660,DM,O3,47.98474387,0,0,0.00000000
521236,521288,2073,28.98992134,0.00054230,DM,H_ON,28.99016360,0,0,0.00000000
720439,720481,2042,40.06772796,0.00030079,DM,C4H8O_1,40.06768563,0,0,0.00000000
576497,576531,1986,32.06257113,0.00022370,DM,C2H8,32.06260026,0,0,0.00000000
521892,521938,1983,29.02628519,0.00055875,DM,C1H3N1,29.02654910,0,0,0.00000000
557481,557532,1966,31.00555907,0.00052171,DM,H1O1N1,31.00581366,0,0,0.00000000
377742,377817,1930,21.01014084,0.00112677,MDM,1 / 2 * C1H2N2,21.01089904,0,0,0.00000000
395280,395338,1899,21.98447932,0.00044751,DM,C2H_2,21.98434994,0,0,0.00000000
234285,234337,1892,13.03134387,0.00061985,DM,CH3O_N,13.03163448,0,0,0.00000000
305275,305332,1858,16.97922021,0.00068154,DM,H_O2N_,16.97893021,0,0,0.00000000
808842,808888,1856,44.98481770,0.00049521,DM,H_1N1O2,44.98507822,0,0,0.00000000
233950,234009,1814,13.01254538,0.00057600,MDM,1 / 2 * CH2O_N2,13.01344173,0,0,0.00000000
18006,18065,1806,1.00310077,0.00059349,MDM,1 / 5 * H3N_O,1.00306314,0,0,0.00000000
18513,18571,1802,1.03137864,0.00058185,DM,H3NO_,1.03163448,0,0,0.00000000
647294,647338,1800,36.00006976,0.00031650,DM,C3,36.00000000,0,0,0.00000000
773905,773957,1791,43.04193100,0.00057631,DM,C2H5N1,43.04219917,0,0,0.00000000
178858,178891,1785,9.94799645,0.00021739,DM,H_6O,9.94796443,0,0,0.00000000
107713,107782,1773,5.99263615,0.00064329,MDM,1 / 3 * C_H_2O2,5.99139306,0,0,0.00000000
90160,90214,1769,5.01562140,0.00071815,DM,H3N_O,5.01531571,0,0,0.00000000
90160,90214,1769,5.01562140,0.00071815,MDM,1 / 3 * CH5NO_,5.01576151,0,0,0.00000000
306119,306168,1762,17.02627771,0.00052943,DM,H3N,17.02654910,0,0,0.00000000
845083,845132,1740,47.00040206,0.00052587,DM,H1O2N1,47.00072828,0,0,0.00000000
323485,323555,1737,17.99259962,0.00070593,DM,H2O_S,17.99280613,0,0,0.00000000
53754,53822,1716,2.99149385,0.00102652,MDM,1 / 3 * C_2N_OP,2.98853404,0,0,0.00000000
89993,90069,1693,5.00688479,0.00121220,MDM,1 / 3 * HN,5.00363301,0,0,0.00000000
575494,575570,1683,32.00819911,0.00076128,DM,C1H4O_1S1,32.00845620,0,0,0.00000000
125435,125470,1663,6.97702556,0.00041180,DM,C_HN_S,6.97682172,0,0,0.00000000
468077,468149,1625,26.03365651,0.00072103,DM,C2H2O2S_,26.03340862,0,0,0.00000000
863115,863171,1622,48.00330759,0.00048760,DM,C1H4S1,48.00337082,0,0,0.00000000
558135,558183,1618,31.04192187,0.00052824,DM,C1H5N1,31.04219917,0,0,0.00000000
574843,574916,1616,31.97190688,0.00068905,DM,S1,31.97207069,0,0,0.00000000
89338,89414,1614,4.97056622,0.00122556,MDM,1 / 2 * H_6O,4.97398221,0,0,0.00000000
486300,486349,1610,27.04697796,0.00062972,DM,C2H5NO_,27.04728454,0,0,0.00000000
611113,611158,1606,33.98774528,0.00036084,DM,H2S,33.98772075,0,0,0.00000000
126086,126128,1606,7.01345700,0.00045007,MDM,1 / 2 * H2N2O_,7.01344173,0,0,0.00000000
413303,413381,1564,22.98809414,0.00123470,MDM,1 / 2 * H_2O3,22.98454690,0,0,0.00000000
270531,270580,1544,15.04700689,0.00056829,DM,CH5NO_,15.04728454,0,0,0.00000000
270531,270580,1544,15.04700689,0.00056829,MDM,3 * H3N_O,15.04594714,0,0,0.00000000
431388,431426,1463,23.99224888,0.00042277,MDM,1 / 2 * O3,23.99237193,0,0,0.00000000
862471,862521,1445,47.96701464,0.00038034,DM,O1S1,47.96698531,0,0,0.00000000
360722,360758,1435,20.06253669,0.00024187,MDM,4 * H3N_O,20.06126285,0,0,0.00000000
700906,700986,1418,38.98277557,0.00107671,MDM,3 * H_N,38.98574692,0,0,0.00000000
810151,810196,1393,45.05756652,0.00052357,DM,C2H7N1,45.05784923,0,0,0.00000000
647011,647053,1393,35.98462489,0.00036904,MDM,2 * H2O_S,35.98561226,0,0,0.00000000
287718,287767,1386,16.00276145,0.00046208,MDM,1 / 2 * C1H4O_1S1,16.00422810,0,0,0.00000000
17021,17073,1341,0.94792938,0.00063501,DM,C_H_5N_O2,0.94763008,0,0,0.00000000
738317,738367,1335,41.06262246,0.00065297,DM,C3H7N1O_1,41.06293461,0,0,0.00000000
792927,792965,1328,44.09899548,0.00026532,DM,C4H12O_1,44.09898576,0,0,0.00000000
54758,54806,1324,3.04698682,0.00053368,DM,H5O_N,3.04728454,0,0,0.00000000
342361,342407,1320,19.04187540,0.00051933,DM,H5N,19.04219917,0,0,0.00000000
538601,538675,1296,29.95622711,0.00072378,DM,H_2S1,29.95642063,0,0,0.00000000
522547,522593,1273,29.06265368,0.00057083,DM,C2H7O_1N1,29.06293461,0,0,0.00000000
431709,431756,1260,24.01072970,0.00076693,MDM,1 / 2 * C1H4O2,24.01056469,0,0,0.00000000
611706,611765,1246,34.02096933,0.00058382,DM,C4H2O_1,34.02073544,0,0,0.00000000
162335,162367,1240,9.02904267,0.00042229,MDM,1 / 2 * H6N2O_,9.02909179,0,0,0.00000000
323633,323682,1221,17.99981292,0.00076593,MDM,1 / 2 * C3,18.00000000,0,0,0.00000000
396455,396488,1212,22.04954306,0.00040715,MDM,1 / 2 * C4H12O_1,22.04949288,0,0,0.00000000
467299,467345,1132,25.99013499,0.00070180,MDM,2 * H_N,25.99049795,0,0,0.00000000
53100,53154,1120,2.95480682,0.00078481,MDM,3 * H_N_O,2.95204675,0,0,0.00000000
754374,754445,1086,41.95614065,0.00078170,DM,H_2S1C1,41.95642063,0,0,0.00000000
162477,162512,1034,9.03681677,0.00029843,DM,C2H3NO_2,9.03671986,0,0,0.00000000
503543,503589,1018,28.00584507,0.00064980,DM,N2,28.00614801,0,0,0.00000000
755560,755606,1003,42.02149221,0.00065965,DM,C1H2N2,42.02179807,0,0,0.00000000
287394,287435,989,15.98407245,0.00070412,MDM,1 / 2 * S1,15.98603535,0,0,0.00000000
251800,251845,962,14.00472339,0.00062412,MDM,1 / 2 * N2,14.00307401,0,0,0.00000000
35376,35419,950,1.96841815,0.00071814,MDM,2 * H_N_O,1.96803117,0,0,0.00000000
252184,252228,918,14.02656615,0.00065949,DM,H2N2O_,14.02688345,0,0,0.00000000
287441,287476,913,15.98687593,0.00031797,MDM,1 / 2 * S1,15.98603535,0,0,0.00000000
35759,35807,886,1.99023961,0.00055453,MDM,1 / 5 * H_6O,1.98959289,0,0,0.00000000
646369,646397,869,35.94830126,0.00024105,MDM,2 * C_H_2O2,35.94835836,0,0,0.00000000
539790,539830,848,30.02152841,0.00056758,MDM,2 * HN,30.02179807,0,0,0.00000000
250876,250922,826,13.95389255,0.00055052,MDM,2 * C_HN_S,13.95364343,0,0,0.00000000
1953,1971,758,0.10913955,0.00016678,MDM,1 / 9 * H_N_O,0.10933506,0,0,0.00000000
467975,467997,742,26.02693638,0.00020848,DM,CH2O_N2,26.02688345,0,0,0.00000000
179227,179263,729,9.96890462,0.00041714,DM,C_3H_2O3,9.96909380,0,0,0.00000000
864376,864411,670,48.07280856,0.00029867,MDM,2 * C3H4O_,48.07277101,0,0,0.00000000
288452,288476,544,16.04259683,0.00020779,DM,H4O_N2,16.04253352,0,0,0.00000000
702749,702774,529,39.08369249,0.00023895,DM,C4H9N1O_2,39.08367005,0,0,0.00000000
305565,305605,517,16.99484082,0.00054313,MDM,1 / 2 * H2S,16.99386038,0,0,0.00000000
70792,70809,471,3.93746605,0.00014340,MDM,4 * H_N_O,3.93606234,0,0,0.00000000
89969,89983,454,5.00393009,0.00015672,MDM,1 / 3 * HN,5.00363301,0,0,0.00000000
324680,324713,448,18.05804433,0.00036968,DM,H6N2O_,18.05818358,0,0,0.00000000
666679,666702,440,37.07778123,0.00023701,DM,C5H2N5O_4P_1,37.07760009,0,0,0.00000000
756633,756648,439,42.08004545,0.00015284,MDM,3 * H2N2O_,42.08065036,0,0,0.00000000
53726,53745,433,2.98830814,0.00018773,MDM,1 / 3 * C_2N_OP,2.98853404,0,0,0.00000000
593428,593449,346,33.00368909,0.00020258,DM,H3O_1N1S1,33.00370517,0,0,0.00000000
376350,376366,334,20.93092654,0.00015598,MDM,3 * C_HN_S,20.93046515,0,0,0.00000000
630411,630429,291,35.06046847,0.00017542,DM,C4H4N1P_1,35.06061262,0,0,0.00000000
357743,357754,281,19.89597128,0.00011374,MDM,2 * H_6O,19.89592886,0,0,0.00000000
377174,377206,246,20.97727743,0.00044809,MDM,1 / 2 * H_2S1C1,20.97821031,0,0,0.00000000
161205,161222,243,8.96574744,0.00017406,DM,C_2N_OP,8.96560213,0,0,0.00000000
18282,18297,242,1.01710299,0.00015320,MDM,1 / 5 * C4H6NO_2P_,1.01728669,0,0,0.00000000
646888,646903,228,35.97668211,0.00016190,DM,C_1H1O1P1,35.97650116,0,0,0.00000000
450915,450929,226,25.07781860,0.00016278,MDM,5 * H3N_O,25.07657857,0,0,0.00000000
790595,790610,224,43.96879037,0.00015921,MDM,2 * C2H_2,43.96869987,0,0,0.00000000
107833,107848,195,5.99751122,0.00014868,MDM,1 / 3 * H2O_S,5.99760204,0,0,0.00000000
269309,269320,184,14.97782663,0.00011915,MDM,1 / 2 * H_2S1,14.97821031,0,0,0.00000000
88488,88496,171,4.92144605,0.00010316,MDM,5 * H_N_O,4.92007792,0,0,0.00000000
234055,234067,163,13.01711048,0.00013797,MDM,1 / 2 * C2H2O2S_,13.01670431,0,0,0.00000000
324973,324986,147,18.07353856,0.00017528,MDM,2 * C2H3NO_2,18.07343971,0,0,0.00000000
305845,305871,140,17.01019285,0.00041437,MDM,1 / 2 * C4H2O_1,17.01036772,0,0,0.00000000
721483,721493,130,40.12515869,0.00011580,MDM,8 * H3N_O,40.12252571,0,0,0.00000000
18256,18265,115,1.01558759,0.00011516,MDM,1 / 3 * H5O_N,1.01576151,0,0,0.00000000
91449,91463,103,5.08629863,0.00017623,DM,C4H6NO_2P_,5.08643344,0,0,0.00000000
612289,612298,98,34.05236069,0.00013834,MDM,2 * H3N,34.05309820,0,0,0.00000000
631293,631301,94,35.10918666,0.00011387,MDM,7 * H3N_O,35.10720999,0,0,0.00000000
159273,159285,85,8.85819304,0.00015590,MDM,9 * H_N_O,8.85614026,0,0,0.00000000
322416,322427,65,17.93133175,0.00017449,MDM,2 * C_2N_OP,17.93120425,0,0,0.00000000
161757,161766,65,8.99629711,0.00013928,MDM,1 / 2 * H2O_S,8.99640307,0,0,0.00000000
89434,89444,59,4.97411903,0.00013497,MDM,1 / 2 * H_6O,4.97398221,0,0,0.00000000
251998,252038,4039,14.01566510,0.00023343,Chain,CH2,14.01565006,420,14.015651232254,0.00021167
755371,755416,3846,42.01058342,0.00025434,Chain,H2O1C2,42.01056469,459,42.0105692624681,0.00018856
503350,503394,3831,27.99491605,0.00025498,Chain,CO,27.99491462,509,27.9949182848751,0.00020997
539595,539640,3785,30.01056073,0.00025288,Chain,C1H2O1,30.01056469,499,30.0105627153053,0.00017437
287582,287624,3673,15.99490830,0.00025296,Chain,O,15.99491462,508,15.9949070095455,0.00019170
287582,287624,3673,15.99490830,0.00025296,MChain,1 / 2 * O2,15.99491462,508,15.9949070095455,0.00019170
791610,791658,3613,44.02621592,0.00027244,Chain,C2H4O1,44.02621475,456,44.0262180879121,0.00018559
215746,215788,3592,12.00000144,0.00024563,Chain,C,12.00000000,505,12.0000076822142,0.00016816
504004,504055,3564,28.03130359,0.00027848,MChain,2 * CH2,28.03130013,440,28.0313025585106,0.00020408
36218,36267,3563,2.01564037,0.00025952,Chain,H2,2.01565006,444,2.0156391516035,0.00016307
251337,251384,3518,13.97926869,0.00026366,Chain,H_2O,13.97926456,444,13.9792700466174,0.00020516
467761,467810,3400,26.01566518,0.00028342,Chain,C2H2,26.01565006,361,26.0156632197029,0.00016279
35563,35613,3359,1.97925499,0.00027437,Chain,C_H_2O,1.97926456,319,1.97925386212914,0.00018091
790955,791006,3329,43.98983434,0.00029329,Chain,C1O2,43.98982924,309,43.9898294650943,0.00017927
288235,288282,3253,16.03129272,0.00025447,Chain,CH4,16.03130013,268,16.0312864247423,0.00012496
719122,719170,3122,39.99493248,0.00027727,Chain,C2O1,39.99491462,149,39.9949309452954,0.00010722
756022,756070,3054,42.04696103,0.00027459,Chain,C3H6,42.04695019,212,42.0469544886686,0.00016143
756022,756070,3054,42.04696103,0.00027459,MChain,3 * CH2,42.04695019,212,42.0469544886686,0.00016143
719779,719826,3039,40.03132408,0.00029261,Chain,C3H4,40.03130013,154,40.0313156501902,0.00015624
641,668,3035,0.03638247,0.00016684,Chain,CH4O_,0.03638551,203,0.0363774211332317,0.00011811
827197,827249,3029,46.00547612,0.00031755,Chain,C1O2H2,46.00547931,106,46.0054664164134,0.00009265
323823,323876,3002,18.01055712,0.00031177,Chain,H2O,18.01056469,101,18.0105440679612,0.00007795
538939,538990,2972,29.97417961,0.00028677,Chain,H_2O2,29.97417918,130,29.9741804593909,0.00014298
467110,467154,2945,25.97928813,0.00026055,Chain,CH_2O,25.97926456,90,25.9792778256228,0.00008207
575838,575890,2921,32.02621206,0.00030074,Chain,C1H4O1,32.02621475,100,32.0261937515924,0.00008650
71796,71854,2912,3.99486328,0.00035723,Chain,C_O,3.99491462,38,3.99490473684211,0.00008429
71796,71854,2912,3.99486328,0.00035723,MChain,1 / 4 * O_S,3.99428902,38,3.99490473684211,0.00008429
575182,575232,2810,31.98981346,0.00030454,Chain,O2,31.98982924,35,31.9898208095238,0.00011148
575182,575232,2810,31.98981346,0.00030454,MChain,2 * O,31.98982924,35,31.9898208095238,0.00011148
754712,754750,2800,41.97417896,0.00025131,Chain,C1H_2O2,41.97417918,80,41.9741754979253,0.00019201
827853,827900,2703,46.04185575,0.00028872,Chain,C2H6O1,46.04186481,68,46.0418563943662,0.00011276
179504,179552,2673,9.98437679,0.00029110,Chain,CH_2,9.98434994,10,9.9843629,0.00006317
180165,180207,2580,10.02078069,0.00028524,Chain,C2H2O_,10.02073544,6,10.0208175,0.00012709
286931,286967,2517,15.95852598,0.00023545,Chain,C_H_4O2,15.95852912,5,15.9584863333333,0.00020057
72461,72497,2489,4.03125223,0.00023270,MChain,2 * H2,4.03130013,9,4.03127739285714,0.00009384
53897,53972,2205,2.99980938,0.00081966,Chain,HON_,2.99966565,9,2.99987028205128,0.00049803
53897,53972,2205,2.99980938,0.00081966,MChain,1 / 3 * CH_NO_,3.00011145,9,2.99987028205128,0.00049803
53897,53972,2205,2.99980938,0.00081966,MChain,1 / 4 * C,3.00000000,9,2.99987028205128,0.00049803
198043,198116,2124,11.01584218,0.00083446,Chain,CHNO_,11.01598442,6,11.015756625,0.00044837
161798,161873,2056,9.00029857,0.00099208,Chain,CH_NO_,9.00033435,8,8.99998483333332,0.00063262
161798,161873,2056,9.00029857,0.00099208,MChain,3 * HON_,8.99899695,8,8.99998483333332,0.00063262
449403,449461,1983,24.99498678,0.00067522,Chain,CH_N,24.99524897,18,24.9950970606061,0.00051509
197390,197440,1912,10.97933386,0.00064095,Chain,H_3N,10.97959891,5,10.9795549375,0.00031886
341515,341576,1814,18.99489315,0.00074584,Chain,HO2N_,18.99458027,10,18.9949376764706,0.00052257
359873,359954,1696,20.01613820,0.00127078,MChain,1 / 2 * C3H4,20.01565006,7,20.01572696,0.00044485
35880,35951,1656,1.99758477,0.00074420,MChain,1 / 2 * C_O,1.99745731,26,1.99747737142857,0.00059048
35880,35951,1656,1.99758477,0.00074420,MChain,1 / 5 * CH_2,1.99686999,26,1.99747737142857,0.00059048
287890,287966,1600,16.01318924,0.00078297,MChain,1 / 2 * C1H4O1,16.01310738,42,16.0131240740741,0.00055147
251652,251723,1588,13.99746445,0.00076172,MChain,1 / 2 * CO,13.99745731,66,13.9974890180996,0.00055909
287242,287312,1578,15.97690700,0.00073504,Chain,O_S,15.97715607,5,15.9767493157895,0.00046247
702070,702131,1551,39.04694653,0.00072861,Chain,C3H5N1O_1,39.04728454,5,39.0471500666667,0.00032630
143781,143821,1549,7.99741554,0.00042571,MChain,1 / 2 * O,7.99745731,68,7.99746101246106,0.00035765
395800,395833,1510,22.01310207,0.00041533,MChain,1 / 2 * C2H4O1,22.01310738,67,22.0131103722826,0.00034294
359557,359590,1490,19.99750984,0.00041386,MChain,1 / 2 * C2O1,19.99745731,54,19.9974980368664,0.00032142
305,362,1465,0.01825172,0.00065396,MChain,1 / 2 * CH4O_,0.01819275,70,0.0182451104477609,0.00060193
107859,107907,1308,5.99991630,0.00079357,MChain,2 * HON_,5.99933130,16,6.00006998412699,0.00055722
107859,107907,1308,5.99991630,0.00079357,MChain,1 / 2 * C,6.00000000,16,6.00006998412699,0.00055722
395464,395512,1269,21.99498311,0.00078927,MChain,1 / 2 * C1O2,21.99491462,18,21.9951011612903,0.00059323
396121,396167,1183,22.03130988,0.00078502,MChain,2 * CHNO_,22.03196883,7,22.0314783181818,0.00061200
503350,503394,3831,27.99491605,0.00025498,MIsotope,4 * 119_Sn,27.99395200,509,27.9949182848751,0.00020997
539595,539640,3785,30.01056073,0.00025288,MIsotope,3 * 130_Te,30.00660840,499,30.0105627153053,0.00017437
287582,287624,3673,15.99490830,0.00025296,MIsotope,2 * 120_Sn,15.99475120,508,15.9949070095455,0.00019170
215746,215788,3592,12.00000144,0.00024563,Isotope,124_Sn,12.00045360,505,12.0000076822142,0.00016816
215746,215788,3592,12.00000144,0.00024563,MIsotope,2 * 126_Te,11.99857100,505,12.0000076822142,0.00016816
647608,647709,3142,36.01942910,0.00164294,MIsotope,9 * 194_Pt,36.02460600,0,0,0.00000000
647608,647709,3142,36.01942910,0.00164294,MIsotope,6 * 162_Dy,36.01510200,0,0,0.00000000
144232,144329,3064,8.02432331,0.00163057,MIsotope,8 * 13_C,8.02683870,0,0,0.00000000
144232,144329,3064,8.02432331,0.00163057,MIsotope,2 * 242_Pu,8.01836680,0,0,0.00000000
719779,719826,3039,40.03132408,0.00029261,MIsotope,8 * 157_Gd,40.03335200,154,40.0313156501902,0.00015624
71796,71854,2912,3.99486328,0.00035723,Isotope,40_Ar,3.99483684,38,3.99490473684211,0.00008429
71796,71854,2912,3.99486328,0.00035723,MIsotope,2 * 26_Mg,3.99510228,38,3.99490473684211,0.00008429
71796,71854,2912,3.99486328,0.00035723,MIsotope,1 / 2 * 48_Ca,3.99497140,38,3.99490473684211,0.00008429
216410,216452,2898,12.03641270,0.00026902,MIsotope,3 * 242_Pu,12.02755020,131,12.0364052903226,0.00017321
359698,359799,2842,20.00697081,0.00163424,MIsotope,4 * 125_Te,20.00161880,0,0,0.00000000
359698,359799,2842,20.00697081,0.00163424,MIsotope,2 * 130_Te,20.00440560,0,0,0.00000000
575182,575232,2810,31.98981346,0.00030454,MIsotope,4 * 120_Sn,31.98950240,35,31.9898208095238,0.00011148
431521,431578,2705,24.00006143,0.00035922,MIsotope,4 * 126_Te,23.99714200,0,0,0.00000000
431521,431578,2705,24.00006143,0.00035922,MIsotope,3 * 128_Te,24.00132420,0,0,0.00000000
431521,431578,2705,24.00006143,0.00035922,MIsotope,2 * 124_Sn,24.00090720,0,0,0.00000000
431834,431931,2611,24.01897388,0.00155739,MIsotope,8 * 155_Gd,24.02264800,0,0,0.00000000
431834,431931,2611,24.01897388,0.00155739,MIsotope,6 * 194_Pt,24.01640400,0,0,0.00000000
431834,431931,2611,24.01897388,0.00155739,MIsotope,4 * 158_Gd,24.01725200,0,0,0.00000000
431834,431931,2611,24.01897388,0.00155739,MIsotope,3 * 164_Dy,24.01467900,0,0,0.00000000
179822,179915,2491,10.00333281,0.00153907,Isotope,130_Te,10.00220280,0,0,0.00000000
179822,179915,2491,10.00333281,0.00153907,MIsotope,2 * 125_Te,10.00080940,0,0,0.00000000
179822,179915,2491,10.00333281,0.00153907,MIsotope,2 * 157_Gd,10.00833800,0,0,0.00000000
71446,71542,2446,3.97609570,0.00152046,MIsotope,4 * 11_B,3.98547400,0,0,0.00000000
180475,180572,2380,10.03958671,0.00153614,MIsotope,5 * 3_T Tritium,10.04112118,0,0,0.00000000
432175,432226,2316,24.03643648,0.00033375,MIsotope,8 * 145_Nd,24.03880000,0,0,0.00000000
432175,432226,2316,24.03643648,0.00033375,MIsotope,6 * 146_Nd,24.03235800,0,0,0.00000000
72098,72196,2305,4.01234168,0.00153714,Isotope,242_Pu,4.00918340,0,0,0.00000000
72098,72196,2305,4.01234168,0.00153714,MIsotope,4 * 13_C,4.01341935,0,0,0.00000000
72098,72196,2305,4.01234168,0.00153714,MIsotope,2 * 239_Np,4.00952820,0,0,0.00000000
72098,72196,2305,4.01234168,0.00153714,MIsotope,2 * 3_T Tritium,4.01644847,0,0,0.00000000
108035,108105,2224,6.01046509,0.00048551,Isotope,148_Nd,6.00917000,0,0,0.00000000
108035,108105,2224,6.01046509,0.00048551,MIsotope,2 * 145_Nd,6.00970000,0,0,0.00000000
53897,53972,2205,2.99980938,0.00081966,Isotope,105_Pd,2.99947600,9,2.99987028205128,0.00049803
53897,53972,2205,2.99980938,0.00081966,MIsotope,3 * 139_La,2.99772300,9,2.99987028205128,0.00049803
53897,53972,2205,2.99980938,0.00081966,MIsotope,3 * 40_K,3.00087531,9,2.99987028205128,0.00049803
53897,53972,2205,2.99980938,0.00081966,MIsotope,1 / 2 * 70_Zn,2.99808920,9,2.99987028205128,0.00049803
53897,53972,2205,2.99980938,0.00081966,MIsotope,1 / 2 * 130_Xe,2.99880605,9,2.99987028205128,0.00049803
53897,53972,2205,2.99980938,0.00081966,MIsotope,1 / 2 * 126_Te,2.99964275,9,2.99987028205128,0.00049803
53897,53972,2205,2.99980938,0.00081966,MIsotope,1 / 2 * 162_Dy,3.00125850,9,2.99987028205128,0.00049803
53897,53972,2205,2.99980938,0.00081966,MIsotope,1 / 2 * 158_Gd,3.00215650,9,2.99987028205128,0.00049803
53897,53972,2205,2.99980938,0.00081966,MIsotope,1 / 4 * 124_Sn,3.00011340,9,2.99987028205128,0.00049803
359395,359458,2157,19.98971920,0.00046322,MIsotope,5 * 134_Ba,19.99096500,0,0,0.00000000
719438,719532,2135,40.01367434,0.00142328,MIsotope,4 * 130_Te,40.00881120,0,0,0.00000000
431182,431277,2131,23.98275614,0.00156292,MIsotope,4 * 70_Zn,23.98471360,0,0,0.00000000
431182,431277,2131,23.98275614,0.00156292,MIsotope,3 * 82_Se,23.98267020,0,0,0.00000000
269691,269741,2119,14.99991799,0.00059804,MIsotope,5 * 105_Pd,14.99738000,0,0,0.00000000
143917,143976,2094,8.00520153,0.00045118,Isotope,164_Dy,8.00489300,0,0,0.00000000
143917,143976,2094,8.00520153,0.00045118,MIsotope,2 * 194_Pt,8.00546800,0,0,0.00000000
269875,269926,2083,15.01064002,0.00056527,MIsotope,3 * 157_Gd,15.01250700,0,0,0.00000000
862774,862842,2082,47.98466982,0.00047660,MIsotope,6 * 120_Sn,47.98425360,0,0,0.00000000
17859,17911,2082,0.99499213,0.00055239,Isotope,11_B,0.99636850,0,0,0.00000000
161798,161873,2056,9.00029857,0.00099208,MIsotope,9 * 40_K,9.00262593,8,8.99998483333332,0.00063262
161798,161873,2056,9.00029857,0.00099208,MIsotope,3 * 105_Pd,8.99842800,8,8.99998483333332,0.00063262
270345,270397,2003,15.03627367,0.00055946,MIsotope,5 * 241_Pu,15.03645950,0,0,0.00000000
269221,269272,1998,14.97427967,0.00052866,MIsotope,5 * 53_Cr,14.97302100,0,0,0.00000000
324114,324199,1984,18.02794424,0.00147436,MIsotope,6 * 145_Nd,18.02910000,0,0,0.00000000
324114,324199,1984,18.02794424,0.00147436,MIsotope,3 * 148_Nd,18.02751000,0,0,0.00000000
485458,485515,1963,26.99990939,0.00055997,MIsotope,9 * 105_Pd,26.99528400,0,0,0.00000000
89841,89897,1893,4.99793928,0.00052823,Isotope,101_Ru,4.99798420,0,0,0.00000000
89841,89897,1893,4.99793928,0.00052823,MIsotope,5 * 139_La,4.99620500,0,0,0.00000000
89841,89897,1893,4.99793928,0.00052823,MIsotope,1 / 2 * 122_Sn,4.99930955,0,0,0.00000000
54102,54153,1850,3.01061366,0.00053105,MIsotope,3 * 13_C,3.01006451,0,0,0.00000000
270021,270090,1811,15.01881514,0.00069612,MIsotope,5 * 183_W,15.01759250,0,0,0.00000000
270021,270090,1811,15.01881514,0.00069612,MIsotope,3 * 179_Hf,15.01732530,0,0,0.00000000
576125,576227,1809,32.04366581,0.00151417,MIsotope,8 * 146_Nd,32.04314400,0,0,0.00000000
18006,18065,1806,1.00310077,0.00059349,Isotope,13_C,1.00335484,0,0,0.00000000
18006,18065,1806,1.00310077,0.00059349,MIsotope,1 / 2 * 239_Np,1.00238205,0,0,0.00000000
18006,18065,1806,1.00310077,0.00059349,MIsotope,1 / 2 * 3_T Tritium,1.00411212,0,0,0.00000000
18006,18065,1806,1.00310077,0.00059349,MIsotope,1 / 3 * 145_Nd,1.00161667,0,0,0.00000000
18006,18065,1806,1.00310077,0.00059349,MIsotope,1 / 3 * 241_Pu,1.00243063,0,0,0.00000000
18006,18065,1806,1.00310077,0.00059349,MIsotope,1 / 4 * 146_Nd,1.00134825,0,0,0.00000000
18006,18065,1806,1.00310077,0.00059349,MIsotope,1 / 4 * 242_Pu,1.00229585,0,0,0.00000000
18006,18065,1806,1.00310077,0.00059349,MIsotope,1 / 5 * 179_Hf,1.00115502,0,0,0.00000000
18006,18065,1806,1.00310077,0.00059349,MIsotope,1 / 6 * 148_Nd,1.00152833,0,0,0.00000000
18006,18065,1806,1.00310077,0.00059349,MIsotope,1 / 6 * 244_Pu,1.00244077,0,0,0.00000000
647294,647338,1800,36.00006976,0.00031650,MIsotope,6 * 126_Te,35.99571300,0,0,0.00000000
647294,647338,1800,36.00006976,0.00031650,MIsotope,3 * 124_Sn,36.00136080,0,0,0.00000000
449874,449925,1798,25.02068520,0.00051747,MIsotope,5 * 157_Gd,25.02084500,0,0,0.00000000
629104,629179,1787,34.98949812,0.00111940,MIsotope,5 * 113_Cd,34.98971450,0,0,0.00000000
269528,269598,1777,14.99168950,0.00081580,MIsotope,3 * 101_Ru,14.99395260,0,0,0.00000000
107713,107782,1773,5.99263615,0.00064329,Isotope,64_Ni,5.99262170,0,0,0.00000000
107713,107782,1773,5.99263615,0.00064329,MIsotope,3 * 26_Mg,5.99265342,0,0,0.00000000
107713,107782,1773,5.99263615,0.00064329,MIsotope,2 * 43_Ca,5.99235120,0,0,0.00000000
864097,864131,1769,48.05746105,0.00024193,MIsotope,8 * 186_W,48.06124800,0,0,0.00000000
90160,90214,1769,5.01562140,0.00071815,MIsotope,5 * 13_C,5.01677419,0,0,0.00000000
198176,198261,1740,11.02407712,0.00112424,Isotope,222_Rn,11.02698550,0,0,0.00000000
323485,323555,1737,17.99259962,0.00070593,MIsotope,3 * 130_Xe,17.99283630,0,0,0.00000000
269369,269425,1725,14.98239151,0.00056328,MIsotope,5 * 43_Ca,14.98087800,0,0,0.00000000
269369,269425,1725,14.98239151,0.00056328,MIsotope,3 * 83_Kr,14.98125000,0,0,0.00000000
125876,125926,1721,7.00214827,0.00051308,MIsotope,7 * 40_K,7.00204239,0,0,0.00000000
377450,377487,1703,20.99270663,0.00042896,MIsotope,3 * 113_Cd,20.99382870,0,0,0.00000000
54261,54308,1701,3.01880887,0.00047786,MIsotope,3 * 2_H Deuterium,3.01883024,0,0,0.00000000
359873,359954,1696,20.01613820,0.00127078,MIsotope,5 * 194_Pt,20.01367000,7,20.01572696,0.00044485
359873,359954,1696,20.01613820,0.00127078,MIsotope,4 * 157_Gd,20.01667600,7,20.01572696,0.00044485
359873,359954,1696,20.01613820,0.00127078,MIsotope,2 * 154_Sm,20.02042000,7,20.01572696,0.00044485
449547,449625,1693,25.00346860,0.00109443,MIsotope,5 * 125_Te,25.00202350,0,0,0.00000000
89993,90069,1693,5.00688479,0.00121220,Isotope,179_Hf,5.00577510,0,0,0.00000000
89993,90069,1693,5.00688479,0.00121220,MIsotope,1 / 2 * 154_Sm,5.00510500,0,0,0.00000000
216062,216134,1666,12.01803876,0.00073617,MIsotope,4 * 145_Nd,12.01940000,16,12.01820975,0.00055834
216062,216134,1666,12.01803876,0.00073617,MIsotope,3 * 146_Nd,12.01617900,16,12.01820975,0.00055834
35880,35951,1656,1.99758477,0.00074420,Isotope,26_Mg,1.99755114,26,1.99747737142857,0.00059048
35880,35951,1656,1.99758477,0.00074420,MIsotope,2 * 139_La,1.99848200,26,1.99747737142857,0.00059048
35880,35951,1656,1.99758477,0.00074420,MIsotope,1 / 2 * 50_Ti,1.99608130,26,1.99747737142857,0.00059048
35880,35951,1656,1.99758477,0.00074420,MIsotope,1 / 2 * 40_Ar,1.99741842,26,1.99747737142857,0.00059048
35880,35951,1656,1.99758477,0.00074420,MIsotope,1 / 2 * 134_Ba,1.99909650,26,1.99747737142857,0.00059048
35880,35951,1656,1.99758477,0.00074420,MIsotope,1 / 2 * 124_Te,1.99939975,26,1.99747737142857,0.00059048
35880,35951,1656,1.99758477,0.00074420,MIsotope,1 / 3 * 64_Ni,1.99754057,26,1.99747737142857,0.00059048
35880,35951,1656,1.99758477,0.00074420,MIsotope,1 / 3 * 70_Zn,1.99872613,26,1.99747737142857,0.00059048
35880,35951,1656,1.99758477,0.00074420,MIsotope,1 / 3 * 130_Xe,1.99920403,26,1.99747737142857,0.00059048
35880,35951,1656,1.99758477,0.00074420,MIsotope,1 / 4 * 48_Ca,1.99748570,26,1.99747737142857,0.00059048
35880,35951,1656,1.99758477,0.00074420,MIsotope,1 / 4 * 82_Se,1.99855585,26,1.99747737142857,0.00059048
35880,35951,1656,1.99758477,0.00074420,MIsotope,1 / 4 * 120_Sn,1.99934390,26,1.99747737142857,0.00059048
35880,35951,1656,1.99758477,0.00074420,MIsotope,1 / 5 * 122_Sn,1.99972382,26,1.99747737142857,0.00059048
863115,863171,1622,48.00330759,0.00048760,MIsotope,6 * 128_Te,48.00264840,0,0,0.00000000
53266,53316,1609,2.96360961,0.00068530,MIsotope,3 * 4_He,2.95972182,0,0,0.00000000
251652,251723,1588,13.99746445,0.00076172,MIsotope,2 * 113_Cd,13.99588580,66,13.9974890180996,0.00055909
251652,251723,1588,13.99746445,0.00076172,MIsotope,2 * 119_Sn,13.99697600,66,13.9974890180996,0.00055909
251652,251723,1588,13.99746445,0.00076172,MIsotope,2 * 137_Ba,13.99902200,66,13.9974890180996,0.00055909
755681,755751,1552,42.02869242,0.00074905,MIsotope,7 * 158_Gd,42.03019100,64,42.0287633097015,0.00052394
143781,143821,1549,7.99741554,0.00042571,Isotope,120_Sn,7.99737560,68,7.99746101246106,0.00035765
143781,143821,1549,7.99741554,0.00042571,MIsotope,2 * 134_Ba,7.99638600,68,7.99746101246106,0.00035765
90495,90547,1546,5.03434517,0.00051398,MIsotope,5 * 2_H Deuterium,5.03138373,0,0,0.00000000
108193,108237,1526,6.01827162,0.00042979,MIsotope,6 * 13_C,6.02012903,61,6.01826052132702,0.00033977
71954,71996,1521,4.00270576,0.00043411,Isotope,194_Pt,4.00273400,8,4.00265970833333,0.00024483
71954,71996,1521,4.00270576,0.00043411,MIsotope,1 / 2 * 164_Dy,4.00244650,8,4.00265970833333,0.00024483
629252,629301,1509,34.99705867,0.00052117,MIsotope,5 * 137_Ba,34.99755500,0,0,0.00000000
161616,161668,1498,8.98942671,0.00053547,MIsotope,3 * 43_Ca,8.98852680,0,0,0.00000000
161678,161713,1495,8.99260739,0.00040479,MIsotope,9 * 139_La,8.99316900,0,0,0.00000000
252304,252377,1490,14.03376058,0.00077393,MIsotope,7 * 239_Np,14.03334870,51,14.0338816529412,0.00055632
359557,359590,1490,19.99750984,0.00041386,MIsotope,5 * 124_Te,19.99399750,54,19.9974980368664,0.00032142
359557,359590,1490,19.99750984,0.00041386,MIsotope,2 * 122_Sn,19.99723820,54,19.9974980368664,0.00032142
539910,539981,1489,30.02882251,0.00075515,MIsotope,3 * 154_Sm,30.03063000,40,30.0287587922078,0.00048692
648264,648307,1487,36.05414715,0.00031015,MIsotope,9 * 146_Nd,36.04853700,0,0,0.00000000
755026,755095,1470,41.99237583,0.00075796,MIsotope,6 * 119_Sn,41.99092800,68,41.9924304237288,0.00056413
180019,180060,1464,10.01297832,0.00044362,MIsotope,5 * 147_Pm,10.01195000,0,0,0.00000000
180019,180060,1464,10.01297832,0.00044362,MIsotope,2 * 179_Hf,10.01155020,0,0,0.00000000
107991,108027,1464,6.00719540,0.00028903,Isotope,186_W,6.00765600,0,0,0.00000000
107991,108027,1464,6.00719540,0.00028903,MIsotope,3 * 147_Pm,6.00717000,0,0,0.00000000
107991,108027,1464,6.00719540,0.00028903,MIsotope,2 * 183_W,6.00703700,0,0,0.00000000
431388,431426,1463,23.99224888,0.00042277,MIsotope,3 * 120_Sn,23.99212680,0,0,0.00000000
862471,862521,1445,47.96701464,0.00038034,MIsotope,8 * 70_Zn,47.96942720,0,0,0.00000000
629757,629812,1442,35.02533360,0.00079335,MIsotope,7 * 157_Gd,35.02918300,0,0,0.00000000
629757,629812,1442,35.02533360,0.00079335,MIsotope,5 * 163_Dy,35.02225000,0,0,0.00000000
898969,899048,1423,49.99742174,0.00091160,MIsotope,5 * 122_Sn,49.99309550,0,0,0.00000000
377594,377645,1422,21.00101816,0.00081877,MIsotope,7 * 105_Pd,20.99633200,0,0,0.00000000
125728,125778,1416,6.99396526,0.00079925,MIsotope,7 * 139_La,6.99468700,0,0,0.00000000
215609,215649,1404,11.99211632,0.00039924,MIsotope,2 * 70_Zn,11.99235680,0,0,0.00000000
647011,647053,1393,35.98462489,0.00036904,MIsotope,9 * 134_Ba,35.98373700,0,0,0.00000000
647011,647053,1393,35.98462489,0.00036904,MIsotope,6 * 130_Xe,35.98567260,0,0,0.00000000
287718,287767,1386,16.00276145,0.00046208,MIsotope,2 * 100_Mo,16.00133400,0,0,0.00000000
143986,144028,1374,8.00847883,0.00033624,Isotope,176_Yb,8.00867400,0,0,0.00000000
575982,576019,1372,32.03403437,0.00039411,MIsotope,4 * 176_Yb,32.03469600,0,0,0.00000000
432041,432078,1362,24.02869177,0.00043092,MIsotope,8 * 183_W,24.02814800,7,24.0287893809524,0.00016509
432041,432078,1362,24.02869177,0.00043092,MIsotope,4 * 186_W,24.03062400,7,24.0287893809524,0.00016509
880968,881025,1349,48.99602290,0.00085408,MIsotope,7 * 137_Ba,48.99657700,0,0,0.00000000
179579,179605,1344,9.98769939,0.00020478,MIsotope,5 * 26_Mg,9.98775570,0,0,0.00000000
125934,125993,1333,7.00542247,0.00058955,Isotope,163_Dy,7.00445000,0,0,0.00000000
126231,126288,1318,7.02170195,0.00082144,MIsotope,7 * 13_C,7.02348386,0,0,0.00000000
250999,251069,1308,13.96118247,0.00076068,MIsotope,7 * 52_Cr,13.96123610,0,0,0.00000000
107859,107907,1308,5.99991630,0.00079357,Isotope,126_Te,5.99928550,16,6.00006998412699,0.00055722
107859,107907,1308,5.99991630,0.00079357,MIsotope,6 * 40_K,6.00175062,16,6.00006998412699,0.00055722
107859,107907,1308,5.99991630,0.00079357,MIsotope,2 * 105_Pd,5.99895200,16,6.00006998412699,0.00055722
107859,107907,1308,5.99991630,0.00079357,MIsotope,1 / 2 * 124_Sn,6.00022680,16,6.00006998412699,0.00055722
431588,431611,1295,24.00330527,0.00017773,MIsotope,3 * 100_Mo,24.00200100,0,0,0.00000000
718989,719024,1284,39.98705549,0.00038400,MIsotope,5 * 120_Sn,39.98687800,0,0,0.00000000
431709,431756,1260,24.01072970,0.00076693,MIsotope,4 * 162_Dy,24.01006800,0,0,0.00000000
107687,107711,1258,5.98949787,0.00021013,MIsotope,2 * 53_Cr,5.98920840,0,0,0.00000000
143654,143677,1256,7.98980283,0.00019196,Isotope,48_Ca,7.98994280,0,0,0.00000000
143654,143677,1256,7.98980283,0.00019196,MIsotope,4 * 26_Mg,7.99020456,0,0,0.00000000
143654,143677,1256,7.98980283,0.00019196,MIsotope,2 * 40_Ar,7.98967369,0,0,0.00000000
143129,143165,1256,7.96097468,0.00040458,MIsotope,8 * 11_B,7.97094800,0,0,0.00000000
179697,179741,1253,9.99511676,0.00075144,MIsotope,2 * 101_Ru,9.99596840,0,0,0.00000000
162335,162367,1240,9.02904267,0.00042229,MIsotope,9 * 13_C,9.03019354,0,0,0.00000000
125235,125267,1239,6.96576114,0.00042455,MIsotope,7 * 11_B,6.97457950,0,0,0.00000000
288549,288619,1226,16.04948724,0.00077704,MIsotope,4 * 242_Pu,16.03673360,0,0,0.00000000
323633,323682,1221,17.99981292,0.00076593,MIsotope,6 * 105_Pd,17.99685600,0,0,0.00000000
323633,323682,1221,17.99981292,0.00076593,MIsotope,3 * 126_Te,17.99785650,0,0,0.00000000
288379,288419,1220,16.03920839,0.00037430,MIsotope,8 * 239_Np,16.03811280,0,0,0.00000000
54058,54095,1213,3.00748144,0.00039100,Isotope,241_Pu,3.00729190,0,0,0.00000000
54058,54095,1213,3.00748144,0.00039100,MIsotope,1 / 2 * 244_Pu,3.00732230,0,0,0.00000000
54058,54095,1213,3.00748144,0.00039100,MIsotope,1 / 3 * 220_Rn,3.00693303,0,0,0.00000000
378040,378089,1194,21.02587471,0.00054638,MIsotope,7 * 183_W,21.02462950,0,0,0.00000000
324432,324453,1192,18.04363805,0.00016901,MIsotope,3 * 244_Pu,18.04393380,0,0,0.00000000
503212,503252,1189,27.98695015,0.00036271,MIsotope,7 * 134_Ba,27.98735100,0,0,0.00000000
216268,216304,1184,12.02858906,0.00041217,MIsotope,6 * 239_Np,12.02858460,0,0,0.00000000
216268,216304,1184,12.02858906,0.00041217,MIsotope,2 * 244_Pu,12.02928920,0,0,0.00000000
323778,323800,1169,18.00726620,0.00017376,MIsotope,3 * 162_Dy,18.00755100,0,0,0.00000000
359216,359267,1166,19.97920301,0.00080533,MIsotope,4 * 83_Kr,19.97500000,0,0,0.00000000
719315,719363,1159,40.00577532,0.00071629,MIsotope,8 * 125_Te,40.00323760,0,0,0.00000000
719315,719363,1159,40.00577532,0.00071629,MIsotope,5 * 100_Mo,40.00333500,0,0,0.00000000
215939,215989,1132,12.01086340,0.00071766,MIsotope,4 * 155_Gd,12.01132400,0,0,0.00000000
36029,36075,1129,2.00478214,0.00069614,Isotope,239_Np,2.00476410,0,0,0.00000000
36029,36075,1129,2.00478214,0.00069614,MIsotope,2 * 13_C,2.00670968,0,0,0.00000000
36029,36075,1129,2.00478214,0.00069614,MIsotope,1 / 2 * 146_Nd,2.00269650,0,0,0.00000000
36029,36075,1129,2.00478214,0.00069614,MIsotope,1 / 2 * 242_Pu,2.00459170,0,0,0.00000000
36029,36075,1129,2.00478214,0.00069614,MIsotope,1 / 3 * 148_Nd,2.00305667,0,0,0.00000000
36029,36075,1129,2.00478214,0.00069614,MIsotope,1 / 3 * 244_Pu,2.00488153,0,0,0.00000000
36029,36075,1129,2.00478214,0.00069614,MIsotope,1 / 4 * 150_Nd,2.00329200,0,0,0.00000000
629401,629457,1115,35.00515266,0.00058952,MIsotope,7 * 125_Te,35.00283290,0,0,0.00000000
755500,755551,1112,42.01844950,0.00050038,MIsotope,7 * 162_Dy,42.01761900,0,0,0.00000000
71763,71789,1105,3.99162518,0.00018234,Isotope,50_Ti,3.99216260,0,0,0.00000000
126680,126732,1104,7.04663692,0.00054982,MIsotope,7 * 2_H Deuterium,7.04393722,0,0,0.00000000
288046,288089,1081,16.02042378,0.00067386,MIsotope,8 * 147_Pm,16.01912000,0,0,0.00000000
215287,215334,1069,11.97452395,0.00067798,MIsotope,3 * 50_Ti,11.97648780,0,0,0.00000000
539401,539452,1052,29.99968308,0.00070484,MIsotope,5 * 126_Te,29.99642750,0,0,0.00000000
577156,577180,1040,32.09894692,0.00018324,MIsotope,8 * 242_Pu,32.07346720,0,0,0.00000000
161522,161578,1026,8.98459344,0.00063114,MIsotope,3 * 53_Cr,8.98381260,0,0,0.00000000
161944,161987,1024,9.00788773,0.00074646,MIsotope,3 * 155_Gd,9.00849300,0,0,0.00000000
646506,646542,1021,35.95589867,0.00040863,MIsotope,6 * 64_Ni,35.95573020,0,0,0.00000000
863067,863101,1016,48.00003954,0.00024547,MIsotope,8 * 126_Te,47.99428400,0,0,0.00000000
863067,863101,1016,48.00003954,0.00024547,MIsotope,4 * 124_Sn,48.00181440,0,0,0.00000000
540059,540103,1016,30.03604275,0.00064893,MIsotope,5 * 186_W,30.03828000,0,0,0.00000000
287067,287105,987,15.96629766,0.00043681,MIsotope,4 * 50_Ti,15.96865040,0,0,0.00000000
180228,180249,979,10.02402724,0.00017282,MIsotope,5 * 239_Np,10.02382050,0,0,0.00000000
754906,754953,977,41.98515749,0.00061043,MIsotope,6 * 113_Cd,41.98765740,0,0,0.00000000
594844,594897,970,33.08322433,0.00061986,MIsotope,3 * 222_Rn,33.08095650,0,0,0.00000000
576305,576347,967,32.05176707,0.00069284,MIsotope,4 * 150_Nd,32.05267200,0,0,0.00000000
718661,718705,952,39.96945118,0.00065274,MIsotope,5 * 82_Se,39.97111700,0,0,0.00000000
503812,503860,949,28.02035324,0.00061019,MIsotope,7 * 194_Pt,28.01913800,0,0,0.00000000
503812,503860,949,28.02035324,0.00061019,MIsotope,4 * 163_Dy,28.01780000,0,0,0.00000000
288094,288147,905,16.02341804,0.00055336,MIsotope,4 * 146_Nd,16.02157200,0,0,0.00000000
35759,35807,886,1.99023961,0.00055453,MIsotope,2 * 11_B,1.99273700,0,0,0.00000000
484870,484903,886,26.96660680,0.00033893,MIsotope,9 * 43_Ca,26.96558040,0,0,0.00000000
36080,36120,882,2.00763671,0.00036722,Isotope,3_T Tritium,2.00822424,0,0,0.00000000
215892,215934,877,12.00800338,0.00039398,MIsotope,3 * 194_Pt,12.00820200,0,0,0.00000000
215892,215934,877,12.00800338,0.00039398,MIsotope,2 * 158_Gd,12.00862600,0,0,0.00000000
502361,502415,873,27.94040785,0.00063121,MIsotope,7 * 50_Ti,27.94513820,0,0,0.00000000
162178,162222,870,9.02094092,0.00056244,Isotope,220_Rn,9.02079910,0,0,0.00000000
162178,162222,870,9.02094092,0.00056244,MIsotope,3 * 241_Pu,9.02187570,0,0,0.00000000
755172,755220,862,41.99961799,0.00062719,MIsotope,7 * 126_Te,41.99499850,0,0,0.00000000
432245,432266,852,24.03967715,0.00017686,MIsotope,3 * 150_Nd,24.03950400,0,0,0.00000000
539790,539830,848,30.02152841,0.00056758,MIsotope,5 * 158_Gd,30.02156500,0,0,0.00000000
880762,880800,807,48.98427597,0.00046011,MIsotope,7 * 113_Cd,48.98560030,0,0,0.00000000
808799,808828,800,44.98165000,0.00039842,MIsotope,9 * 101_Ru,44.98185780,0,0,0.00000000
504994,505033,762,28.08570017,0.00046164,MIsotope,7 * 242_Pu,28.06428380,0,0,0.00000000
179958,180004,760,10.00967669,0.00051400,Isotope,154_Sm,10.01021000,0,0,0.00000000
89792,89822,752,4.99458803,0.00040162,Isotope,83_Kr,4.99375000,0,0,0.00000000
575388,575419,748,32.00085443,0.00040400,MIsotope,4 * 128_Te,32.00176560,0,0,0.00000000
540713,540756,746,30.07233517,0.00057396,MIsotope,5 * 244_Pu,30.07322300,0,0,0.00000000
324020,324069,733,18.02158316,0.00054550,MIsotope,9 * 147_Pm,18.02151000,0,0,0.00000000
324020,324069,733,18.02158316,0.00054550,MIsotope,6 * 183_W,18.02111100,0,0,0.00000000
324020,324069,733,18.02158316,0.00054550,MIsotope,3 * 186_W,18.02296800,0,0,0.00000000
376945,376968,732,20.96405898,0.00023392,MIsotope,7 * 53_Cr,20.96222940,0,0,0.00000000
431975,432015,719,24.02531745,0.00049698,MIsotope,3 * 176_Yb,24.02602200,0,0,0.00000000
161989,162019,714,9.01004540,0.00033279,MIsotope,3 * 183_W,9.01055550,0,0,0.00000000
17740,17771,688,0.98731099,0.00032026,Isotope,4_He,0.98657394,0,0,0.00000000
72011,72043,685,4.00591382,0.00041275,Isotope,146_Nd,4.00539300,0,0,0.00000000
72011,72043,685,4.00591382,0.00041275,MIsotope,2 * 147_Pm,4.00478000,0,0,0.00000000
72011,72043,685,4.00591382,0.00041275,MIsotope,1 / 2 * 150_Nd,4.00658400,0,0,0.00000000
719992,720015,685,40.04259708,0.00020408,MIsotope,5 * 176_Yb,40.04337000,0,0,0.00000000
756484,756518,677,42.07224831,0.00040711,MIsotope,7 * 148_Nd,42.06419000,0,0,0.00000000
719938,719964,676,40.03939475,0.00024463,MIsotope,4 * 154_Sm,40.04084000,0,0,0.00000000
757004,757047,668,42.10129299,0.00047693,MIsotope,7 * 244_Pu,42.10251220,0,0,0.00000000
754265,754299,665,41.94895743,0.00037580,MIsotope,7 * 64_Ni,41.94835190,0,0,0.00000000
754872,754898,650,41.98228137,0.00025517,MIsotope,7 * 130_Xe,41.98328470,0,0,0.00000000
864563,864604,646,48.08305932,0.00070213,MIsotope,8 * 148_Nd,48.07336000,0,0,0.00000000
179306,179356,644,9.97333511,0.00058529,MIsotope,5 * 52_Cr,9.97231150,0,0,0.00000000
430577,430622,633,23.94803367,0.00060409,MIsotope,6 * 50_Ti,23.95297560,0,0,0.00000000
431321,431363,629,23.98889830,0.00048880,MIsotope,6 * 134_Ba,23.98915800,0,0,0.00000000
431321,431363,629,23.98889830,0.00048880,MIsotope,4 * 130_Xe,23.99044840,0,0,0.00000000
108125,108169,621,6.01462404,0.00066744,Isotope,244_Pu,6.01464460,0,0,0.00000000
108125,108169,621,6.01462404,0.00066744,MIsotope,3 * 239_Np,6.01429230,0,0,0.00000000
108125,108169,621,6.01462404,0.00066744,MIsotope,2 * 241_Pu,6.01458380,0,0,0.00000000
107596,107630,607,5.98505287,0.00043478,MIsotope,3 * 52_Cr,5.98338690,0,0,0.00000000
718936,718967,579,39.98382284,0.00037802,MIsotope,8 * 101_Ru,39.98387360,0,0,0.00000000
863645,863674,570,48.03212325,0.00039829,MIsotope,8 * 158_Gd,48.03450400,0,0,0.00000000
863645,863674,570,48.03212325,0.00039829,MIsotope,6 * 164_Dy,48.02935800,0,0,0.00000000
538749,538772,565,29.96288676,0.00020305,MIsotope,5 * 64_Ni,29.96310850,0,0,0.00000000
756095,756109,562,42.05023993,0.00013149,MIsotope,7 * 186_W,42.05359200,0,0,0.00000000
143729,143757,522,7.99415894,0.00040163,Isotope,82_Se,7.99422340,0,0,0.00000000
143729,143757,522,7.99415894,0.00040163,MIsotope,8 * 139_La,7.99392800,0,0,0.00000000
143452,143470,510,7.97849435,0.00019596,MIsotope,4 * 52_Cr,7.97784920,0,0,0.00000000
647762,647791,495,36.02556168,0.00041127,MIsotope,9 * 194_Pt,36.02460600,0,0,0.00000000
647762,647791,495,36.02556168,0.00041127,MIsotope,6 * 158_Gd,36.02587800,0,0,0.00000000
648413,648444,472,36.06195406,0.00041431,MIsotope,6 * 148_Nd,36.05502000,0,0,0.00000000
377567,377592,470,20.99884066,0.00022687,MIsotope,7 * 105_Pd,20.99633200,0,0,0.00000000
377567,377592,470,20.99884066,0.00022687,MIsotope,3 * 137_Ba,20.99853300,0,0,0.00000000
89969,89983,454,5.00393009,0.00015672,Isotope,157_Gd,5.00416900,0,0,0.00000000
629814,629834,437,35.02736900,0.00020092,MIsotope,7 * 157_Gd,35.02918300,0,0,0.00000000
629814,629834,437,35.02736900,0.00020092,MIsotope,5 * 163_Dy,35.02225000,0,0,0.00000000
144790,144804,424,8.05279249,0.00016631,MIsotope,8 * 2_H Deuterium,8.05021397,0,0,0.00000000
53981,54001,421,3.00283681,0.00021068,Isotope,155_Gd,3.00283100,0,0,0.00000000
198272,198288,415,11.02734167,0.00017270,Isotope,222_Rn,11.02698550,0,0,0.00000000
216141,216157,408,12.02106130,0.00014939,MIsotope,2 * 148_Nd,12.01834000,0,0,0.00000000
594651,594673,403,33.07162029,0.00021651,MIsotope,3 * 222_Rn,33.08095650,0,0,0.00000000
809768,809785,393,45.03523477,0.00016131,MIsotope,9 * 157_Gd,45.03752100,0,0,0.00000000
360158,360185,378,20.03071399,0.00038730,MIsotope,5 * 146_Nd,20.02696500,0,0,0.00000000
35858,35872,362,1.99458662,0.00013675,Isotope,52_Cr,1.99446230,0,0,0.00000000
215488,215503,356,11.98469509,0.00015910,MIsotope,3 * 40_Ar,11.98451053,0,0,0.00000000
107921,107938,356,6.00247651,0.00017572,Isotope,162_Dy,6.00251700,0,0,0.00000000
71883,71897,354,3.99817947,0.00014662,Isotope,134_Ba,3.99819300,0,0,0.00000000
881745,881765,351,49.03820833,0.00019897,MIsotope,7 * 163_Dy,49.03115000,0,0,0.00000000
144075,144089,318,8.01314079,0.00015553,Isotope,150_Nd,8.01316800,0,0,0.00000000
270108,270121,313,15.02227572,0.00012969,MIsotope,5 * 145_Nd,15.02425000,0,0,0.00000000
287871,287888,312,16.01024114,0.00015525,MIsotope,2 * 164_Dy,16.00978600,0,0,0.00000000
70994,71009,311,3.94878043,0.00016366,MIsotope,4 * 4_He,3.94629576,0,0,0.00000000
18092,18104,308,1.00662634,0.00013094,Isotope,2_H Deuterium,1.00627675,0,0,0.00000000
431478,431493,293,23.99675821,0.00016305,MIsotope,6 * 124_Te,23.99279700,0,0,0.00000000
144399,144415,287,8.03099828,0.00017515,MIsotope,4 * 3_T Tritium,8.03289694,0,0,0.00000000
53870,53887,286,2.99636144,0.00017463,Isotope,43_Ca,2.99617560,0,0,0.00000000
53870,53887,286,2.99636144,0.00017463,MIsotope,1 / 2 * 64_Ni,2.99631085,0,0,0.00000000
144383,144397,282,8.03022443,0.00016426,MIsotope,4 * 3_T Tritium,8.03289694,0,0,0.00000000
17978,17999,271,1.00025583,0.00036127,Isotope,40_K,1.00029177,0,0,0.00000000
17978,17999,271,1.00025583,0.00036127,MIsotope,1 / 2 * 147_Pm,1.00119500,0,0,0.00000000
17978,17999,271,1.00025583,0.00036127,MIsotope,1 / 3 * 105_Pd,0.99982533,0,0,0.00000000
17978,17999,271,1.00025583,0.00036127,MIsotope,1 / 3 * 155_Gd,1.00094367,0,0,0.00000000
17978,17999,271,1.00025583,0.00036127,MIsotope,1 / 3 * 183_W,1.00117283,0,0,0.00000000
17978,17999,271,1.00025583,0.00036127,MIsotope,1 / 4 * 134_Ba,0.99954825,0,0,0.00000000
17978,17999,271,1.00025583,0.00036127,MIsotope,1 / 4 * 124_Te,0.99969988,0,0,0.00000000
17978,17999,271,1.00025583,0.00036127,MIsotope,1 / 4 * 194_Pt,1.00068350,0,0,0.00000000
17978,17999,271,1.00025583,0.00036127,MIsotope,1 / 5 * 101_Ru,0.99959684,0,0,0.00000000
17978,17999,271,1.00025583,0.00036127,MIsotope,1 / 5 * 125_Te,1.00008094,0,0,0.00000000
17978,17999,271,1.00025583,0.00036127,MIsotope,1 / 5 * 157_Gd,1.00083380,0,0,0.00000000
17978,17999,271,1.00025583,0.00036127,MIsotope,1 / 6 * 70_Zn,0.99936307,0,0,0.00000000
17978,17999,271,1.00025583,0.00036127,MIsotope,1 / 6 * 130_Xe,0.99960202,0,0,0.00000000
17978,17999,271,1.00025583,0.00036127,MIsotope,1 / 6 * 126_Te,0.99988092,0,0,0.00000000
17978,17999,271,1.00025583,0.00036127,MIsotope,1 / 6 * 162_Dy,1.00041950,0,0,0.00000000
17978,17999,271,1.00025583,0.00036127,MIsotope,1 / 6 * 158_Gd,1.00071883,0,0,0.00000000
17978,17999,271,1.00025583,0.00036127,MIsotope,1 / 6 * 186_W,1.00127600,0,0,0.00000000
17978,17999,271,1.00025583,0.00036127,MIsotope,1 / 7 * 113_Cd,0.99970613,0,0,0.00000000
17978,17999,271,1.00025583,0.00036127,MIsotope,1 / 7 * 119_Sn,0.99978400,0,0,0.00000000
17978,17999,271,1.00025583,0.00036127,MIsotope,1 / 7 * 137_Ba,0.99993014,0,0,0.00000000
17978,17999,271,1.00025583,0.00036127,MIsotope,1 / 7 * 163_Dy,1.00063571,0,0,0.00000000
71902,71923,265,3.99939257,0.00034759,Isotope,124_Te,3.99879950,0,0,0.00000000
71902,71923,265,3.99939257,0.00034759,MIsotope,1 / 2 * 120_Sn,3.99868780,0,0,0.00000000
71902,71923,265,3.99939257,0.00034759,MIsotope,1 / 2 * 128_Te,4.00022070,0,0,0.00000000
71902,71923,265,3.99939257,0.00034759,MIsotope,1 / 3 * 124_Sn,4.00015120,0,0,0.00000000
861974,861989,251,47.93861990,0.00016943,MIsotope,6 * 48_Ca,47.93965680,0,0,0.00000000
216591,216609,250,12.04611799,0.00018209,MIsotope,6 * 3_T Tritium,12.04934541,0,0,0.00000000
648819,648831,223,36.08408128,0.00015305,MIsotope,4 * 220_Rn,36.08319640,0,0,0.00000000
143860,143873,218,8.00105115,0.00015121,Isotope,100_Mo,8.00066700,0,0,0.00000000
143625,143652,215,7.98839744,0.00045606,MIsotope,2 * 40_Ar,7.98967369,0,0,0.00000000
143847,143858,213,8.00032084,0.00013443,Isotope,128_Te,8.00044140,0,0,0.00000000
360141,360156,211,20.02946416,0.00016833,MIsotope,5 * 146_Nd,20.02696500,0,0,0.00000000
358849,358869,210,19.95769732,0.00031401,MIsotope,5 * 50_Ti,19.96081300,0,0,0.00000000
323260,323283,210,17.97858524,0.00036216,MIsotope,9 * 26_Mg,17.97796026,0,0,0.00000000
323260,323283,210,17.97858524,0.00036216,MIsotope,6 * 43_Ca,17.97705360,0,0,0.00000000
323260,323283,210,17.97858524,0.00036216,MIsotope,3 * 64_Ni,17.97786510,0,0,0.00000000
504197,504216,206,28.04108747,0.00024292,MIsotope,7 * 146_Nd,28.03775100,0,0,0.00000000
430795,430808,195,23.95884730,0.00014657,MIsotope,8 * 53_Cr,23.95683360,0,0,0.00000000
107833,107848,195,5.99751122,0.00014868,Isotope,130_Xe,5.99761210,0,0,0.00000000
143875,143889,192,8.00185315,0.00016465,MIsotope,8 * 40_K,8.00233416,0,0,0.00000000
359847,359863,191,20.01315920,0.00016691,MIsotope,5 * 194_Pt,20.01367000,0,0,0.00000000
269964,269975,182,15.01422098,0.00012294,MIsotope,5 * 155_Gd,15.01415500,0,0,0.00000000
17948,17959,177,0.99855036,0.00013374,MIsotope,1 / 2 * 26_Mg,0.99877557,0,0,0.00000000
17948,17959,177,0.99855036,0.00013374,MIsotope,1 / 3 * 53_Cr,0.99820140,0,0,0.00000000
17948,17959,177,0.99855036,0.00013374,MIsotope,1 / 3 * 43_Ca,0.99872520,0,0,0.00000000
17948,17959,177,0.99855036,0.00013374,MIsotope,1 / 4 * 40_Ar,0.99870921,0,0,0.00000000
17948,17959,177,0.99855036,0.00013374,MIsotope,1 / 5 * 83_Kr,0.99875000,0,0,0.00000000
17948,17959,177,0.99855036,0.00013374,MIsotope,1 / 6 * 64_Ni,0.99877028,0,0,0.00000000
629193,629207,175,34.99267643,0.00017700,MIsotope,5 * 119_Sn,34.99244000,0,0,0.00000000
449028,449038,173,24.97267865,0.00013806,MIsotope,5 * 83_Kr,24.96875000,0,0,0.00000000
89925,89936,156,5.00147962,0.00013931,MIsotope,5 * 40_K,5.00145885,0,0,0.00000000
89925,89936,156,5.00147962,0.00013931,MIsotope,1 / 2 * 130_Te,5.00110140,0,0,0.00000000
2552,2564,151,0.14222293,0.00015010,MIsotope,1 / 7 * 11_B,0.14233836,0,0,0.00000000
125815,125831,147,6.99771084,0.00020536,Isotope,113_Cd,6.99794290,0,0,0.00000000
647744,647760,147,36.02436420,0.00020039,MIsotope,9 * 194_Pt,36.02460600,0,0,0.00000000
647744,647760,147,36.02436420,0.00020039,MIsotope,6 * 158_Gd,36.02587800,0,0,0.00000000
486072,486080,131,27.03276754,0.00010896,MIsotope,9 * 183_W,27.03166650,0,0,0.00000000
431465,431476,127,23.99596702,0.00013966,MIsotope,6 * 124_Te,23.99279700,0,0,0.00000000
215681,215691,127,11.99525353,0.00012182,MIsotope,2 * 130_Xe,11.99522420,0,0,0.00000000
215375,215396,117,11.97853682,0.00038387,MIsotope,4 * 53_Cr,11.97841680,0,0,0.00000000
630198,630209,113,35.04839742,0.00014404,MIsotope,7 * 179_Hf,35.04042570,0,0,0.00000000
377950,377962,109,21.01981735,0.00016894,MIsotope,7 * 155_Gd,21.01981700,0,0,0.00000000
107951,107964,99,6.00406860,0.00017609,Isotope,158_Gd,6.00431300,0,0,0.00000000
108287,108297,94,6.02259230,0.00013734,MIsotope,3 * 3_T Tritium,6.02467271,0,0,0.00000000
574966,574977,94,31.97675550,0.00013614,MIsotope,4 * 82_Se,31.97689360,0,0,0.00000000
647571,647584,91,36.01464934,0.00016896,MIsotope,6 * 162_Dy,36.01510200,0,0,0.00000000
125836,125845,90,6.99857227,0.00012688,Isotope,119_Sn,6.99848800,0,0,0.00000000
359969,359978,90,20.01974553,0.00013887,MIsotope,2 * 154_Sm,20.02042000,0,0,0.00000000
377892,377903,89,21.01652204,0.00015244,MIsotope,3 * 163_Dy,21.01335000,0,0,0.00000000
144049,144059,89,8.01152709,0.00014937,MIsotope,2 * 146_Nd,8.01078600,0,0,0.00000000
53844,53854,88,2.99482901,0.00013575,Isotope,53_Cr,2.99460420,0,0,0.00000000
538840,538853,87,29.96770377,0.00018522,MIsotope,6 * 83_Kr,29.96250000,0,0,0.00000000
17963,17971,85,0.99929519,0.00011553,Isotope,139_La,0.99924100,0,0,0.00000000
17963,17971,85,0.99929519,0.00011553,MIsotope,1 / 4 * 134_Ba,0.99954825,0,0,0.00000000
17963,17971,85,0.99929519,0.00011553,MIsotope,1 / 5 * 101_Ru,0.99959684,0,0,0.00000000
17963,17971,85,0.99929519,0.00011553,MIsotope,1 / 6 * 70_Zn,0.99936307,0,0,0.00000000
17963,17971,85,0.99929519,0.00011553,MIsotope,1 / 6 * 130_Xe,0.99960202,0,0,0.00000000
143542,143554,83,7.98335764,0.00016235,MIsotope,2 * 50_Ti,7.98432520,0,0,0.00000000
810250,810260,82,45.06190385,0.00013890,MIsotope,9 * 179_Hf,45.05197590,0,0,0.00000000
539497,539507,81,30.00411036,0.00012747,MIsotope,6 * 125_Te,30.00242820,0,0,0.00000000
287483,287492,79,15.98846442,0.00014159,MIsotope,2 * 82_Se,15.98844680,0,0,0.00000000
179784,179799,79,9.99897737,0.00020486,Isotope,122_Sn,9.99861910,0,0,0.00000000
15420,15427,78,0.85779931,0.00010302,MIsotope,1 / 7 * 162_Dy,0.85750243,0,0,0.00000000
15420,15427,78,0.85779931,0.00010302,MIsotope,1 / 7 * 158_Gd,0.85775900,0,0,0.00000000
648080,648091,78,36.04285651,0.00017392,MIsotope,6 * 186_W,36.04593600,0,0,0.00000000
863999,864008,77,48.05105312,0.00014048,MIsotope,6 * 176_Yb,48.05204400,0,0,0.00000000
107334,107351,77,5.96986057,0.00027980,MIsotope,6 * 11_B,5.97821100,0,0,0.00000000
36003,36011,76,2.00257068,0.00011370,Isotope,147_Pm,2.00239000,0,0,0.00000000
36003,36011,76,2.00257068,0.00011370,MIsotope,1 / 3 * 186_W,2.00255200,0,0,0.00000000
251924,251933,75,14.01088820,0.00011869,MIsotope,2 * 163_Dy,14.00890000,0,0,0.00000000
502417,502431,74,27.94202255,0.00021834,MIsotope,7 * 50_Ti,27.94513820,0,0,0.00000000
107808,107816,73,5.99592159,0.00014672,Isotope,70_Zn,5.99617840,0,0,0.00000000
107808,107816,73,5.99592159,0.00014672,MIsotope,6 * 139_La,5.99544600,0,0,0.00000000
15727,15736,73,0.87488812,0.00013455,MIsotope,1 / 8 * 113_Cd,0.87474286,0,0,0.00000000
15727,15736,73,0.87488812,0.00013455,MIsotope,1 / 8 * 119_Sn,0.87481100,0,0,0.00000000
15727,15736,73,0.87488812,0.00013455,MIsotope,1 / 8 * 137_Ba,0.87493888,0,0,0.00000000
269603,269612,71,14.99406768,0.00012789,MIsotope,3 * 101_Ru,14.99395260,0,0,0.00000000
863198,863210,70,48.00657309,0.00019230,MIsotope,6 * 100_Mo,48.00400200,0,0,0.00000000
719260,719267,69,40.00137035,0.00012127,MIsotope,5 * 128_Te,40.00220700,0,0,0.00000000
162224,162233,67,9.02222639,0.00013459,MIsotope,3 * 241_Pu,9.02187570,0,0,0.00000000
575771,575787,65,32.02159820,0.00026199,MIsotope,8 * 194_Pt,32.02187200,0,0,0.00000000
718314,718320,63,39.94879990,0.00009012,MIsotope,5 * 48_Ca,39.94971400,0,0,0.00000000
71566,71576,63,3.98037637,0.00016054,MIsotope,4 * 11_B,3.98547400,0,0,0.00000000
125851,125859,63,6.99940003,0.00011361,Isotope,137_Ba,6.99951100,0,0,0.00000000
324887,324899,62,18.06873861,0.00017190,MIsotope,9 * 3_T Tritium,18.07401812,0,0,0.00000000
323101,323117,62,17.96950006,0.00027373,MIsotope,6 * 53_Cr,17.96762520,0,0,0.00000000
161715,161725,62,8.99402808,0.00013287,MIsotope,9 * 139_La,8.99316900,0,0,0.00000000
35499,35509,61,1.97451992,0.00016112,MIsotope,2 * 4_He,1.97314788,0,0,0.00000000
575116,575127,54,31.98505622,0.00017596,MIsotope,8 * 134_Ba,31.98554400,0,0,0.00000000
54020,54028,54,3.00452939,0.00011173,Isotope,145_Nd,3.00485000,0,0,0.00000000
288167,288175,53,16.02648389,0.00011528,MIsotope,2 * 150_Nd,16.02633600,0,0,0.00000000
377515,377523,53,20.99551579,0.00011725,MIsotope,3 * 119_Sn,20.99546400,0,0,0.00000000
287992,288000,51,16.01676484,0.00014597,MIsotope,2 * 176_Yb,16.01734800,0,0,0.00000000
862448,862457,51,47.96480320,0.00014688,MIsotope,6 * 82_Se,47.96534040,0,0,0.00000000
89912,89920,51,5.00064669,0.00013830,Isotope,125_Te,5.00040470,0,0,0.00000000
862459,862469,51,47.96538678,0.00017825,MIsotope,6 * 82_Se,47.96534040,0,0,0.00000000
215855,215863,51,12.00485916,0.00012034,MIsotope,2 * 162_Dy,12.00503400,0,0,0.00000000
54003,54014,50,3.00367612,0.00017403,Isotope,183_W,3.00351850,0,0,0.00000000
54003,54014,50,3.00367612,0.00017403,MIsotope,1 / 2 * 186_W,3.00382800,0,0,0.00000000
540248,540287,2817,30.04692893,0.00023293,UChain,Unknown,30.04692893,144,30.0469379485459,0.00010312
215096,215140,2674,11.96363351,0.00025746,MUChain,2 * Unknown,11.96365410,28,11.9636266206897,0.00007958
252653,252689,2601,14.05204190,0.00024081,UChain,Unknown,14.05204190,28,14.0519985833333,0.00013506
468425,468465,2454,26.05206953,0.00027527,UChain,Unknown,26.05206953,7,26.0520082857143,0.00011907
792273,792309,2418,44.06260397,0.00023931,UChain,Unknown,44.06260397,11,44.062607030303,0.00014108
324481,324524,2278,18.04693520,0.00025682,UChain,Unknown,18.04693520,6,18.046936,0.00009496
305929,305986,2056,17.01557644,0.00065681,UChain,Unknown,17.01557644,9,17.0155112222222,0.00047483
557294,557346,1971,30.99485804,0.00064717,UChain,Unknown,30.99485804,6,30.9949067142857,0.00052593
557953,558000,1964,31.03123115,0.00061077,UChain,Unknown,31.03123115,8,31.0311968148148,0.00051752
845553,845605,1787,47.02618807,0.00069023,UChain,Unknown,47.02618807,9,47.026187125,0.00049460
647608,647709,3142,36.01942910,0.00164294,MPair,4 * Unknown,36.01469957,0,0,0.00000000
647608,647709,3142,36.01942910,0.00164294,MPair,3 * Unknown,36.01928186,0,0,0.00000000
395590,395696,3027,22.00378524,0.00164112,MPair,2 * Unknown,21.99944969,0,0,0.00000000
395590,395696,3027,22.00378524,0.00164112,MPair,2 * Unknown,22.00139941,0,0,0.00000000
395590,395696,3027,22.00378524,0.00164112,MPair,2 * Unknown,22.00289320,0,0,0.00000000
683536,683587,2516,38.01569854,0.00032095,Pair,Unknown,38.01569854,0,0,0.00000000
502696,502745,2493,27.95854100,0.00028465,Pair,Unknown,27.95854100,0,0,0.00000000
71446,71542,2446,3.97609570,0.00152046,MPair,2 * Unknown,3.97418597,0,0,0.00000000
180475,180572,2380,10.03958671,0.00153614,MPair,2 * Unknown,10.03699340,0,0,0.00000000
180475,180572,2380,10.03958671,0.00153614,MPair,2 * Unknown,10.03863393,0,0,0.00000000